ticket_id,timestamp_utc,status,priority,action,ticker,entry,take_profit,stop_loss,confidence,priority_score,outlook_label,outlook_score,source_freshness,evidence_count,reason,warnings,next_step
20260525T145021Z_BUY_ACGC.CA,2026-05-25T14:50:21.959039+00:00,PENDING_REVIEW,1,BUY,ACGC.CA,9.65,10.81,9.26,LOW,29.52,BULLISH_WATCH,83.81,market_context=DELAYED; fresh_tickers=190/190,3,"Local fallback BUY candidate: ACGC.CA has fresh Yahoo price data, liquidity above threshold, price above MA20/MA50, RSI 64.79, support 6.94, resistance 10.86, and evidence sources. Macro trend is Bearish; this is a signal-only ticket, so choose any position size manually in Thndr.",,"Review the Telegram summary, verify in Thndr, and choose any position size manually."
20260525T145021Z_BUY_MBSC.CA,2026-05-25T14:50:21.969522+00:00,PENDING_REVIEW,2,BUY,MBSC.CA,280.0,302.4,268.8,LOW,26.4,BULLISH_WATCH,81.69,market_context=DELAYED; fresh_tickers=190/190,3,"Local fallback BUY candidate: MBSC.CA has fresh Yahoo price data, liquidity above threshold, price above MA20/MA50, RSI 64.34, support 258.5, resistance 295.0, and evidence sources. Macro trend is Bearish; this is a signal-only ticket, so choose any position size manually in Thndr.",,"Review the Telegram summary, verify in Thndr, and choose any position size manually."
20260525T145528Z_BUY_MHOT.CA,2026-05-25T14:55:28.996577+00:00,PENDING_REVIEW,1,BUY,MHOT.CA,32.23,34.81,30.94,LOW,32.4,BULLISH_WATCH,95,market_context=DELAYED; fresh_tickers=190/190,3,"Local fallback BUY candidate: MHOT.CA has fresh Yahoo price data, liquidity above threshold, price above MA20/MA50, RSI 69.11, support 26.3, resistance 34.3, and evidence sources. Macro trend is Bearish; this is a signal-only ticket, so choose any position size manually in Thndr.",,"Review the Telegram summary, verify in Thndr, and choose any position size manually."
20260525T145529Z_BUY_ACGC.CA,2026-05-25T14:55:29.005876+00:00,PENDING_REVIEW,2,BUY,ACGC.CA,9.65,10.81,9.26,LOW,29.52,BULLISH_WATCH,83.81,market_context=DELAYED; fresh_tickers=190/190,3,"Local fallback BUY candidate: ACGC.CA has fresh Yahoo price data, liquidity above threshold, price above MA20/MA50, RSI 64.79, support 6.94, resistance 10.86, and evidence sources. Macro trend is Bearish; this is a signal-only ticket, so choose any position size manually in Thndr.",,"Review the Telegram summary, verify in Thndr, and choose any position size manually."
20260525T145529Z_BUY_RAYA.CA,2026-05-25T14:55:29.014402+00:00,PENDING_REVIEW,3,BUY,RAYA.CA,7.65,8.27,7.34,LOW,26.82,BULLISH_WATCH,85,market_context=DELAYED; fresh_tickers=190/190,3,"Local fallback BUY candidate: RAYA.CA has fresh Yahoo price data, liquidity above threshold, price above MA20/MA50, RSI 67.41, support 6.07, resistance 8.0, and evidence sources. Macro trend is Bearish; this is a signal-only ticket, so choose any position size manually in Thndr.",,"Review the Telegram summary, verify in Thndr, and choose any position size manually."
20260525T145948Z_BUY_MHOT.CA,2026-05-25T14:59:48.435348+00:00,PENDING_REVIEW,1,BUY,MHOT.CA,32.23,34.81,30.94,LOW,32.4,BULLISH_WATCH,95,market_context=DELAYED; fresh_tickers=190/190,3,"Local fallback BUY candidate: MHOT.CA has fresh Yahoo price data, liquidity above threshold, price above MA20/MA50, RSI 69.11, support 26.3, resistance 34.3, and evidence sources. Macro trend is Bearish; this is a signal-only ticket, so choose any position size manually in Thndr.",,"Review the Telegram summary, verify in Thndr, and choose any position size manually."
20260525T145948Z_BUY_ACGC.CA,2026-05-25T14:59:48.449457+00:00,PENDING_REVIEW,2,BUY,ACGC.CA,9.65,10.81,9.26,LOW,29.52,BULLISH_WATCH,83.81,market_context=DELAYED; fresh_tickers=190/190,3,"Local fallback BUY candidate: ACGC.CA has fresh Yahoo price data, liquidity above threshold, price above MA20/MA50, RSI 64.79, support 6.94, resistance 10.86, and evidence sources. Macro trend is Bearish; this is a signal-only ticket, so choose any position size manually in Thndr.",,"Review the Telegram summary, verify in Thndr, and choose any position size manually."
20260525T145948Z_BUY_RAYA.CA,2026-05-25T14:59:48.460938+00:00,PENDING_REVIEW,3,BUY,RAYA.CA,7.65,8.27,7.34,LOW,26.82,BULLISH_WATCH,85,market_context=DELAYED; fresh_tickers=190/190,3,"Local fallback BUY candidate: RAYA.CA has fresh Yahoo price data, liquidity above threshold, price above MA20/MA50, RSI 67.41, support 6.07, resistance 8.0, and evidence sources. Macro trend is Bearish; this is a signal-only ticket, so choose any position size manually in Thndr.",,"Review the Telegram summary, verify in Thndr, and choose any position size manually."
20260525T155126Z_BUY_MHOT.CA,2026-05-25T15:51:26.984767+00:00,PENDING_REVIEW,1,BUY,MHOT.CA,32.23,34.81,30.94,LOW,32.4,BULLISH_WATCH,95,market_context=DELAYED; fresh_tickers=190/190,3,"Local fallback BUY candidate: MHOT.CA has fresh Yahoo price data, liquidity above threshold, price above MA20/MA50, RSI 69.11, support 26.3, resistance 34.3, and evidence sources. Macro trend is Bearish; this is a signal-only ticket, so choose any position size manually in Thndr.",,"Review the Telegram summary, verify in Thndr, and choose any position size manually."
20260525T155126Z_BUY_ACGC.CA,2026-05-25T15:51:26.994275+00:00,PENDING_REVIEW,2,BUY,ACGC.CA,9.65,10.81,9.26,LOW,29.52,BULLISH_WATCH,83.81,market_context=DELAYED; fresh_tickers=190/190,3,"Local fallback BUY candidate: ACGC.CA has fresh Yahoo price data, liquidity above threshold, price above MA20/MA50, RSI 64.79, support 6.94, resistance 10.86, and evidence sources. Macro trend is Bearish; this is a signal-only ticket, so choose any position size manually in Thndr.",,"Review the Telegram summary, verify in Thndr, and choose any position size manually."
20260525T155127Z_BUY_RAYA.CA,2026-05-25T15:51:27.004275+00:00,PENDING_REVIEW,3,BUY,RAYA.CA,7.65,8.27,7.34,LOW,26.82,BULLISH_WATCH,85,market_context=DELAYED; fresh_tickers=190/190,3,"Local fallback BUY candidate: RAYA.CA has fresh Yahoo price data, liquidity above threshold, price above MA20/MA50, RSI 67.41, support 6.07, resistance 8.0, and evidence sources. Macro trend is Bearish; this is a signal-only ticket, so choose any position size manually in Thndr.",,"Review the Telegram summary, verify in Thndr, and choose any position size manually."
20260525T155437Z_BUY_MHOT.CA,2026-05-25T15:54:37.100659+00:00,PENDING_REVIEW,1,BUY,MHOT.CA,32.23,34.81,30.94,LOW,32.4,BULLISH_WATCH,95,market_context=DELAYED; fresh_tickers=190/190,3,"Local fallback BUY candidate: MHOT.CA has fresh Yahoo price data, liquidity above threshold, price above MA20/MA50, RSI 69.11, support 26.3, resistance 34.3, and evidence sources. Macro trend is Bearish; this is a signal-only ticket, so choose any position size manually in Thndr.",,"Review the Telegram summary, verify in Thndr, and choose any position size manually."
20260525T155437Z_BUY_ACGC.CA,2026-05-25T15:54:37.117700+00:00,PENDING_REVIEW,2,BUY,ACGC.CA,9.65,10.81,9.26,LOW,29.52,BULLISH_WATCH,83.81,market_context=DELAYED; fresh_tickers=190/190,3,"Local fallback BUY candidate: ACGC.CA has fresh Yahoo price data, liquidity above threshold, price above MA20/MA50, RSI 64.79, support 6.94, resistance 10.86, and evidence sources. Macro trend is Bearish; this is a signal-only ticket, so choose any position size manually in Thndr.",,"Review the Telegram summary, verify in Thndr, and choose any position size manually."
20260525T155437Z_BUY_RAYA.CA,2026-05-25T15:54:37.131034+00:00,PENDING_REVIEW,3,BUY,RAYA.CA,7.65,8.27,7.34,LOW,26.82,BULLISH_WATCH,85,market_context=DELAYED; fresh_tickers=190/190,3,"Local fallback BUY candidate: RAYA.CA has fresh Yahoo price data, liquidity above threshold, price above MA20/MA50, RSI 67.41, support 6.07, resistance 8.0, and evidence sources. Macro trend is Bearish; this is a signal-only ticket, so choose any position size manually in Thndr.",,"Review the Telegram summary, verify in Thndr, and choose any position size manually."
20260525T161708Z_BUY_MHOT.CA,2026-05-25T16:17:08.817132+00:00,PENDING_REVIEW,1,BUY,MHOT.CA,32.23,34.81,30.94,LOW,32.4,BULLISH_WATCH,95,market_context=DELAYED; fresh_tickers=190/190,3,"WATCH/BUY SETUP: MHOT.CA has fresh Yahoo price data, liquidity above threshold, price above MA20/MA50, RSI 69.11, support 26.3, resistance 34.3, and evidence sources. Macro trend is Bearish; verify price action in Thndr before treating it as a swing entry.",,"Review the Telegram summary, verify in Thndr, and choose any position size manually."
20260525T161708Z_BUY_ACGC.CA,2026-05-25T16:17:08.827178+00:00,PENDING_REVIEW,2,BUY,ACGC.CA,9.65,10.81,9.26,LOW,29.52,BULLISH_WATCH,83.81,market_context=DELAYED; fresh_tickers=190/190,3,"WATCH/BUY SETUP: ACGC.CA has fresh Yahoo price data, liquidity above threshold, price above MA20/MA50, RSI 64.79, support 6.94, resistance 10.86, and evidence sources. Macro trend is Bearish; verify price action in Thndr before treating it as a swing entry.",,"Review the Telegram summary, verify in Thndr, and choose any position size manually."
20260525T161708Z_BUY_RAYA.CA,2026-05-25T16:17:08.835920+00:00,PENDING_REVIEW,3,BUY,RAYA.CA,7.65,8.27,7.34,LOW,26.82,BULLISH_WATCH,85,market_context=DELAYED; fresh_tickers=190/190,3,"WATCH/BUY SETUP: RAYA.CA has fresh Yahoo price data, liquidity above threshold, price above MA20/MA50, RSI 67.41, support 6.07, resistance 8.0, and evidence sources. Macro trend is Bearish; verify price action in Thndr before treating it as a swing entry.",,"Review the Telegram summary, verify in Thndr, and choose any position size manually."
20260525T162028Z_BUY_MHOT.CA,2026-05-25T16:20:28.536550+00:00,PENDING_REVIEW,1,BUY,MHOT.CA,32.23,34.81,30.94,LOW,32.4,BULLISH_WATCH,95,market_context=DELAYED; fresh_tickers=190/190,3,"WATCH/BUY SETUP: MHOT.CA has fresh Yahoo price data, liquidity above threshold, price above MA20/MA50, RSI 69.11, support 26.3, resistance 34.3, and evidence sources. Macro trend is Bearish; verify price action in Thndr before treating it as a swing entry.",,"Review the Telegram summary, verify in Thndr, and choose any position size manually."
20260525T162028Z_BUY_ACGC.CA,2026-05-25T16:20:28.549097+00:00,PENDING_REVIEW,2,BUY,ACGC.CA,9.65,10.81,9.26,LOW,29.52,BULLISH_WATCH,83.81,market_context=DELAYED; fresh_tickers=190/190,3,"WATCH/BUY SETUP: ACGC.CA has fresh Yahoo price data, liquidity above threshold, price above MA20/MA50, RSI 64.79, support 6.94, resistance 10.86, and evidence sources. Macro trend is Bearish; verify price action in Thndr before treating it as a swing entry.",,"Review the Telegram summary, verify in Thndr, and choose any position size manually."
20260525T162028Z_BUY_RAYA.CA,2026-05-25T16:20:28.563284+00:00,PENDING_REVIEW,3,BUY,RAYA.CA,7.65,8.27,7.34,LOW,26.82,BULLISH_WATCH,85,market_context=DELAYED; fresh_tickers=190/190,3,"WATCH/BUY SETUP: RAYA.CA has fresh Yahoo price data, liquidity above threshold, price above MA20/MA50, RSI 67.41, support 6.07, resistance 8.0, and evidence sources. Macro trend is Bearish; verify price action in Thndr before treating it as a swing entry.",,"Review the Telegram summary, verify in Thndr, and choose any position size manually."
20260525T163609Z_BUY_MHOT.CA,2026-05-25T16:36:09.437826+00:00,PENDING_REVIEW,1,BUY,MHOT.CA,32.23,34.81,30.94,LOW,32.4,BULLISH_WATCH,95,market_context=DELAYED; fresh_tickers=190/190,3,"WATCH/BUY SETUP: MHOT.CA has fresh Yahoo price data, liquidity above threshold, price above MA20/MA50, RSI 69.11, support 26.3, resistance 34.3, and evidence sources. Macro trend is Bearish; verify price action in Thndr before treating it as a swing entry.",,"Review the Telegram summary, verify in Thndr, and choose any position size manually."
20260525T163609Z_BUY_ACGC.CA,2026-05-25T16:36:09.447732+00:00,PENDING_REVIEW,2,BUY,ACGC.CA,9.65,10.81,9.26,LOW,29.52,BULLISH_WATCH,83.81,market_context=DELAYED; fresh_tickers=190/190,3,"WATCH/BUY SETUP: ACGC.CA has fresh Yahoo price data, liquidity above threshold, price above MA20/MA50, RSI 64.79, support 6.94, resistance 10.86, and evidence sources. Macro trend is Bearish; verify price action in Thndr before treating it as a swing entry.",,"Review the Telegram summary, verify in Thndr, and choose any position size manually."
20260525T163609Z_BUY_RAYA.CA,2026-05-25T16:36:09.456242+00:00,PENDING_REVIEW,3,BUY,RAYA.CA,7.65,8.27,7.34,LOW,26.82,BULLISH_WATCH,85,market_context=DELAYED; fresh_tickers=190/190,3,"WATCH/BUY SETUP: RAYA.CA has fresh Yahoo price data, liquidity above threshold, price above MA20/MA50, RSI 67.41, support 6.07, resistance 8.0, and evidence sources. Macro trend is Bearish; verify price action in Thndr before treating it as a swing entry.",,"Review the Telegram summary, verify in Thndr, and choose any position size manually."
20260525T163931Z_BUY_MHOT.CA,2026-05-25T16:39:31.730286+00:00,PENDING_REVIEW,1,BUY,MHOT.CA,32.23,34.81,30.94,LOW,32.4,BULLISH_WATCH,95,market_context=DELAYED; fresh_tickers=190/190,3,"WATCH/BUY SETUP: MHOT.CA has fresh Yahoo price data, liquidity above threshold, price above MA20/MA50, RSI 69.11, support 26.3, resistance 34.3, and evidence sources. Macro trend is Bearish; verify price action in Thndr before treating it as a swing entry.",,"Review the Telegram summary, verify in Thndr, and choose any position size manually."
20260525T163931Z_BUY_RAYA.CA,2026-05-25T16:39:31.737774+00:00,PENDING_REVIEW,2,BUY,RAYA.CA,7.65,8.27,7.34,LOW,26.82,BULLISH_WATCH,85,market_context=DELAYED; fresh_tickers=190/190,3,"WATCH/BUY SETUP: RAYA.CA has fresh Yahoo price data, liquidity above threshold, price above MA20/MA50, RSI 67.41, support 6.07, resistance 8.0, and evidence sources. Macro trend is Bearish; verify price action in Thndr before treating it as a swing entry.",,"Review the Telegram summary, verify in Thndr, and choose any position size manually."
20260525T163931Z_BUY_MBSC.CA,2026-05-25T16:39:31.745297+00:00,PENDING_REVIEW,3,BUY,MBSC.CA,280.0,302.4,268.8,LOW,26.4,BULLISH_WATCH,81.69,market_context=DELAYED; fresh_tickers=190/190,3,"WATCH/BUY SETUP: MBSC.CA has fresh Yahoo price data, liquidity above threshold, price above MA20/MA50, RSI 64.34, support 258.5, resistance 295.0, and evidence sources. Macro trend is Bearish; verify price action in Thndr before treating it as a swing entry.",,"Review the Telegram summary, verify in Thndr, and choose any position size manually."
20260525T170232Z_BUY_MHOT.CA,2026-05-25T17:02:32.893844+00:00,PENDING_REVIEW,1,BUY,MHOT.CA,32.23,34.81,30.94,LOW,32.4,BULLISH_WATCH,95,market_context=DELAYED; fresh_tickers=190/190,3,"WATCH/BUY SETUP: MHOT.CA has fresh Yahoo price data, liquidity above threshold, price above MA20/MA50, RSI 69.11, support 26.3, resistance 34.3, and evidence sources. Macro trend is Bearish; verify price action in Thndr before treating it as a swing entry.",,"Review the Telegram summary, verify in Thndr, and choose any position size manually."
20260525T170232Z_BUY_ACGC.CA,2026-05-25T17:02:32.904941+00:00,PENDING_REVIEW,2,BUY,ACGC.CA,9.65,10.81,9.26,LOW,29.52,BULLISH_WATCH,83.81,market_context=DELAYED; fresh_tickers=190/190,3,"WATCH/BUY SETUP: ACGC.CA has fresh Yahoo price data, liquidity above threshold, price above MA20/MA50, RSI 64.79, support 6.94, resistance 10.86, and evidence sources. Macro trend is Bearish; verify price action in Thndr before treating it as a swing entry.",,"Review the Telegram summary, verify in Thndr, and choose any position size manually."
20260525T170232Z_BUY_RAYA.CA,2026-05-25T17:02:32.914389+00:00,PENDING_REVIEW,3,BUY,RAYA.CA,7.65,8.27,7.34,LOW,26.82,BULLISH_WATCH,85,market_context=DELAYED; fresh_tickers=190/190,3,"WATCH/BUY SETUP: RAYA.CA has fresh Yahoo price data, liquidity above threshold, price above MA20/MA50, RSI 67.41, support 6.07, resistance 8.0, and evidence sources. Macro trend is Bearish; verify price action in Thndr before treating it as a swing entry.",,"Review the Telegram summary, verify in Thndr, and choose any position size manually."
20260525T170855Z_HOLD_NONE,2026-05-25T17:08:55.884624+00:00,NO_ACTION,,HOLD,,0,0,0,LOW,,,,market_context=DELAYED; fresh_tickers=190/190,0,"Local scanner HOLD: EGX30/EGX70 regime and sector breadth are defensive, so no new BUY is allowed.",,"No trade signal. Review watchlist, sector movement, and warnings."
20260525T171134Z_HOLD_NONE,2026-05-25T17:11:34.343009+00:00,NO_ACTION,,HOLD,,0,0,0,LOW,,,,market_context=DELAYED; fresh_tickers=190/190,0,"Local scanner HOLD: EGX30/EGX70 regime and sector breadth are defensive, so no new BUY is allowed.",,"No trade signal. Review watchlist, sector movement, and warnings."
20260525T171329Z_HOLD_NONE,2026-05-25T17:13:29.648217+00:00,NO_ACTION,,HOLD,,0,0,0,LOW,,,,market_context=DELAYED; fresh_tickers=190/190,0,"Local scanner HOLD: EGX30/EGX70 regime and sector breadth are defensive, so no new BUY is allowed.",,"No trade signal. Review watchlist, sector movement, and warnings."
20260527T170456Z_BUY_MHOT.CA,2026-05-27T17:04:56.410555+00:00,PENDING_REVIEW,1,BUY,MHOT.CA,30.6,34.13,29.38,LOW,32.46,BULLISH_WATCH,99,market_context=DELAYED; fresh_tickers=190/190,3,"WATCH/BUY SETUP: MHOT.CA has fresh Yahoo price data, liquidity above threshold, price above MA20/MA50, RSI 62.31, support 26.3, resistance 34.3, and evidence sources. Macro trend is Bullish; market regime is SELECTIVE_SMALL_MID_SWINGS; verify price action in Thndr before treating it as a swing entry.",,"Review the Telegram summary, verify in Thndr, and choose any position size manually."
20260527T170456Z_BUY_SPMD.CA,2026-05-27T17:04:56.426156+00:00,PENDING_REVIEW,2,BUY,SPMD.CA,0.41,0.45,0.39,LOW,29.44,BULLISH_WATCH,88.39,market_context=DELAYED; fresh_tickers=190/190,3,"WATCH/BUY SETUP: SPMD.CA has fresh Yahoo price data, liquidity above threshold, price above MA20/MA50, RSI 61.05, support 0.35, resistance 0.43, and evidence sources. Macro trend is Bullish; market regime is SELECTIVE_SMALL_MID_SWINGS; verify price action in Thndr before treating it as a swing entry.",,"Review the Telegram summary, verify in Thndr, and choose any position size manually."
20260527T170456Z_BUY_MBSC.CA,2026-05-27T17:04:56.439052+00:00,PENDING_REVIEW,3,BUY,MBSC.CA,272.96,293.52,264.5,LOW,27.86,BULLISH_WATCH,100,market_context=DELAYED; fresh_tickers=190/190,3,"WATCH/BUY SETUP: MBSC.CA has fresh Yahoo price data, liquidity above threshold, price above MA20/MA50, RSI 60.57, support 258.5, resistance 295.0, and evidence sources. Macro trend is Bullish; market regime is SELECTIVE_SMALL_MID_SWINGS; verify price action in Thndr before treating it as a swing entry.",,"Review the Telegram summary, verify in Thndr, and choose any position size manually."
20260601T064432Z_HOLD_NONE,2026-06-01T06:44:32.094836+00:00,NO_ACTION,,HOLD,,0,0,0,LOW,,,,market_context=DELAYED; fresh_tickers=189/190,0,"Local fallback HOLD: no candidate passed evidence, liquidity, freshness, and technical gates.",,"No trade signal. Review watchlist, sector movement, and warnings."
20260601T122129Z_HOLD_NONE,2026-06-01T12:21:29.702500+00:00,NO_ACTION,,HOLD,,0,0,0,LOW,,,,market_context=DELAYED; fresh_tickers=189/190,0,"Local fallback HOLD: no candidate passed evidence, liquidity, freshness, and technical gates.",,"No trade signal. Review watchlist, sector movement, and warnings."
20260601T130919Z_HOLD_NONE,2026-06-01T13:09:19.498485+00:00,NO_ACTION,,HOLD,,0,0,0,LOW,,,,market_context=DELAYED; fresh_tickers=189/190,0,"Local fallback HOLD: no candidate passed evidence, liquidity, freshness, and technical gates.",,"No trade signal. Review watchlist, sector movement, and warnings."
20260601T162325Z_HOLD_NONE,2026-06-01T16:23:25.305689+00:00,NO_ACTION,,HOLD,,0,0,0,LOW,,,,market_context=DELAYED; fresh_tickers=189/190,0,"Local fallback HOLD: no candidate passed evidence, liquidity, freshness, and technical gates.",,"No trade signal. Review watchlist, sector movement, and warnings."
20260601T231944Z_HOLD_NONE,2026-06-01T23:19:44.457380+00:00,NO_ACTION,,HOLD,,0,0,0,LOW,,,,market_context=DELAYED; tradeable_price_tickers=190/190; directfn_liquidity=187/190,0,"Local scanner HOLD: EGX30/EGX70 regime and sector breadth are defensive, so no new BUY is allowed.",,"No trade signal. Review watchlist, sector movement, and warnings."
20260602T001524Z_HOLD_NONE,2026-06-02T00:15:24.966570+00:00,NO_ACTION,,HOLD,,0,0,0,LOW,,,,market_context=DELAYED; tradeable_price_tickers=177/190; mubasher_current_rows=177/190,0,"Local fallback HOLD: no candidate passed evidence, liquidity, freshness, and technical gates.",,"No trade signal. Review watchlist, sector movement, and warnings."
20260602T070626Z_BUY_ARAB.CA,2026-06-02T07:06:26.516176+00:00,PENDING_REVIEW,1,BUY,ARAB.CA,0.21,0.23,0.2,LOW,33.52,BULLISH_WATCH,100,market_context=DELAYED; tradeable_price_tickers=189/190; mubasher_current_rows=177/190,3,"BUY SETUP: ARAB.CA has aligned current price data, liquidity above threshold, price above MA20/MA50, RSI 57.14, support 0.19, resistance 0.21, and evidence sources. Macro trend is Bullish; market regime is BROAD_RISK_ON; verify price action in Thndr before treating it as a swing entry.",,"Review the Telegram summary, verify in Thndr, and choose any position size manually."
20260602T070626Z_BUY_ARVA.CA,2026-06-02T07:06:26.517399+00:00,PENDING_REVIEW,2,BUY,ARVA.CA,9.25,9.99,8.88,LOW,30.86,BULLISH_WATCH,89.0,market_context=DELAYED; tradeable_price_tickers=189/190; mubasher_current_rows=177/190,3,"BUY SETUP: ARVA.CA has aligned current price data, liquidity above threshold, price above MA20/MA50, RSI 55.39, support 7.71, resistance 9.47, and evidence sources. Macro trend is Bullish; market regime is BROAD_RISK_ON; verify price action in Thndr before treating it as a swing entry.",,"Review the Telegram summary, verify in Thndr, and choose any position size manually."
20260602T095456Z_BUY_EMFD.CA,2026-06-02T09:54:56.649590+00:00,PENDING_REVIEW,1,BUY,EMFD.CA,11.98,12.94,11.5,LOW,33.94,BULLISH_WATCH,97,market_context=DELAYED; tradeable_price_tickers=183/190; mubasher_current_rows=178/190,3,"WATCH/BUY SETUP: EMFD.CA has aligned current price data, liquidity above threshold, price above MA20/MA50, RSI 62.63, support 9.83, resistance 11.89, and evidence sources. Macro trend is Bullish; market regime is SELECTIVE_SMALL_MID_SWINGS; verify price action in Thndr before treating it as a swing entry.",,"Review the Telegram summary, verify in Thndr, and choose any position size manually."
20260602T095456Z_BUY_ORWE.CA,2026-06-02T09:54:56.650801+00:00,PENDING_REVIEW,2,BUY,ORWE.CA,24.07,25.99,23.11,LOW,31.1,BULLISH_WATCH,100,market_context=DELAYED; tradeable_price_tickers=183/190; mubasher_current_rows=178/190,3,"WATCH/BUY SETUP: ORWE.CA has aligned current price data, liquidity above threshold, price above MA20/MA50, RSI 68.95, support 21.48, resistance 23.28, and evidence sources. Macro trend is Bullish; market regime is SELECTIVE_SMALL_MID_SWINGS; verify price action in Thndr before treating it as a swing entry.",,"Review the Telegram summary, verify in Thndr, and choose any position size manually."
20260602T095456Z_BUY_UNIT.CA,2026-06-02T09:54:56.652036+00:00,PENDING_REVIEW,3,BUY,UNIT.CA,13.98,15.1,13.42,LOW,29.58,BULLISH_WATCH,97,market_context=DELAYED; tradeable_price_tickers=183/190; mubasher_current_rows=178/190,3,"WATCH/BUY SETUP: UNIT.CA has aligned current price data, liquidity above threshold, price above MA20/MA50, RSI 69.7, support 10.2, resistance 14.4, and evidence sources. Macro trend is Bullish; market regime is SELECTIVE_SMALL_MID_SWINGS; verify price action in Thndr before treating it as a swing entry.",,"Review the Telegram summary, verify in Thndr, and choose any position size manually."
20260602T105809Z_BUY_EMFD.CA,2026-06-02T10:58:09.777286+00:00,PENDING_REVIEW,1,BUY,EMFD.CA,12.0,12.96,11.52,LOW,34.16,BULLISH_WATCH,97,market_context=DELAYED; tradeable_price_tickers=181/190; mubasher_current_rows=180/190,2,"WATCH/BUY SETUP: EMFD.CA has aligned current price data, liquidity above threshold, price above MA20/MA50, RSI 62.63, support 9.83, resistance 11.89, and evidence sources. Macro trend is Bullish; market regime is SELECTIVE_SMALL_MID_SWINGS; verify price action in Thndr before treating it as a swing entry.",,"Review the Telegram summary, verify in Thndr, and choose any position size manually."
20260602T105809Z_BUY_ORWE.CA,2026-06-02T10:58:09.778364+00:00,PENDING_REVIEW,2,BUY,ORWE.CA,23.9,25.82,22.94,LOW,31.22,BULLISH_WATCH,95.63,market_context=DELAYED; tradeable_price_tickers=181/190; mubasher_current_rows=180/190,3,"WATCH/BUY SETUP: ORWE.CA has aligned current price data, liquidity above threshold, price above MA20/MA50, RSI 68.95, support 21.48, resistance 23.28, and evidence sources. Macro trend is Bullish; market regime is SELECTIVE_SMALL_MID_SWINGS; verify price action in Thndr before treating it as a swing entry.",,"Review the Telegram summary, verify in Thndr, and choose any position size manually."
20260602T105809Z_BUY_UNIT.CA,2026-06-02T10:58:09.779501+00:00,PENDING_REVIEW,3,BUY,UNIT.CA,13.89,15.01,13.33,LOW,29.92,BULLISH_WATCH,97,market_context=DELAYED; tradeable_price_tickers=181/190; mubasher_current_rows=180/190,3,"WATCH/BUY SETUP: UNIT.CA has aligned current price data, liquidity above threshold, price above MA20/MA50, RSI 69.7, support 10.2, resistance 14.4, and evidence sources. Macro trend is Bullish; market regime is SELECTIVE_SMALL_MID_SWINGS; verify price action in Thndr before treating it as a swing entry.",,"Review the Telegram summary, verify in Thndr, and choose any position size manually."
20260602T120530Z_HOLD_NONE,2026-06-02T12:05:30.875380+00:00,NO_ACTION,,HOLD,,0,0,0,LOW,,,,market_context=DELAYED; tradeable_price_tickers=181/190; mubasher_current_rows=181/190,0,"Local fallback HOLD: no candidate passed evidence, liquidity, freshness, and technical gates.",,"No trade signal. Review watchlist, sector movement, and warnings."
20260602T170254Z_HOLD_NONE,2026-06-02T17:02:54.723392+00:00,NO_ACTION,,HOLD,,0,0,0,LOW,,,,market_context=DELAYED; tradeable_price_tickers=181/190; mubasher_current_rows=181/190,0,"Local fallback HOLD: no candidate passed evidence, liquidity, freshness, and technical gates.",,"No trade signal. Review watchlist, sector movement, and warnings."
20260602T200037Z_BUY_ORWE.CA,2026-06-02T20:00:37.149962+00:00,PENDING_REVIEW,1,BUY,ORWE.CA,24.0,25.92,23.04,LOW,32.9,BULLISH_WATCH,95.93,market_context=DELAYED; tradeable_price_tickers=181/190; mubasher_current_rows=181/190,3,"WATCH/BUY SETUP: ORWE.CA has aligned current price data, liquidity above threshold, price above MA20/MA50, RSI 68.95, support 21.48, resistance 23.28, and evidence sources. Macro trend is Bullish; market regime is BROAD_RISK_ON; verify price action in Thndr before treating it as a swing entry.",,"Review the Telegram summary, verify in Thndr, and choose any position size manually."
20260602T200037Z_BUY_CLHO.CA,2026-06-02T20:00:37.151173+00:00,PENDING_REVIEW,2,BUY,CLHO.CA,16.09,17.37,15.45,LOW,30.9,BULLISH_WATCH,88.48,market_context=DELAYED; tradeable_price_tickers=181/190; mubasher_current_rows=181/190,3,"BUY SETUP: CLHO.CA has aligned current price data, liquidity above threshold, price above MA20/MA50, RSI 57.82, support 14.58, resistance 16.6, and evidence sources. Macro trend is Bullish; market regime is BROAD_RISK_ON; verify price action in Thndr before treating it as a swing entry.",,"Review the Telegram summary, verify in Thndr, and choose any position size manually."
20260602T200037Z_BUY_EFID.CA,2026-06-02T20:00:37.152403+00:00,PENDING_REVIEW,3,BUY,EFID.CA,29.19,31.53,28.02,LOW,30.56,BULLISH_WATCH,88.85,market_context=DELAYED; tradeable_price_tickers=181/190; mubasher_current_rows=181/190,3,"WATCH/BUY SETUP: EFID.CA has aligned current price data, liquidity above threshold, price above MA20/MA50, RSI 65.33, support 27.49, resistance 29.15, and evidence sources. Macro trend is Bullish; market regime is BROAD_RISK_ON; verify price action in Thndr before treating it as a swing entry.",,"Review the Telegram summary, verify in Thndr, and choose any position size manually."
20260603T034240Z_HOLD_NONE,2026-06-03T03:42:40.388948+00:00,NO_ACTION,,HOLD,,0,0,0,LOW,,,,market_context=MISSING; tradeable_price_tickers=189/190; mubasher_current_rows=180/190,0,"Local fallback HOLD: macro source is missing, so no new BUY is allowed.",,"No trade signal. Review watchlist, sector movement, and warnings."
20260603T103130Z_BUY_UNIT.CA,2026-06-03T10:31:30.896586+00:00,PENDING_REVIEW,1,BUY,UNIT.CA,14.62,15.78,14.04,LOW,35.4,BULLISH_WATCH,97,market_context=DELAYED; tradeable_price_tickers=185/190; mubasher_current_rows=181/190,3,"WATCH/BUY SETUP: UNIT.CA has aligned current price data, liquidity above threshold, price above MA20/MA50, RSI 64.44, support 10.27, resistance 15.3, and evidence sources. Macro trend is Bearish; market regime is SELECTIVE_SMALL_MID_SWINGS; verify price action in Thndr before treating it as a swing entry.",,"Review the Telegram summary, verify in Thndr, and choose any position size manually."
20260603T103130Z_BUY_ELKA.CA,2026-06-03T10:31:30.897841+00:00,PENDING_REVIEW,2,BUY,ELKA.CA,1.3,1.4,1.25,LOW,32.16,BULLISH_WATCH,84.41,market_context=DELAYED; tradeable_price_tickers=185/190; mubasher_current_rows=181/190,3,"WATCH/BUY SETUP: ELKA.CA has aligned current price data, liquidity above threshold, price above MA20/MA50, RSI 59.09, support 1.11, resistance 1.25, and evidence sources. Macro trend is Bearish; market regime is SELECTIVE_SMALL_MID_SWINGS; verify price action in Thndr before treating it as a swing entry.",,"Review the Telegram summary, verify in Thndr, and choose any position size manually."
20260603T103130Z_BUY_EMFD.CA,2026-06-03T10:31:30.899100+00:00,PENDING_REVIEW,3,BUY,EMFD.CA,11.6,12.52,11.14,LOW,30.78,BULLISH_WATCH,95,market_context=DELAYED; tradeable_price_tickers=185/190; mubasher_current_rows=181/190,3,"WATCH/BUY SETUP: EMFD.CA has aligned current price data, liquidity above threshold, price above MA20/MA50, RSI 62.63, support 9.83, resistance 12.3, and evidence sources. Macro trend is Bearish; market regime is SELECTIVE_SMALL_MID_SWINGS; verify price action in Thndr before treating it as a swing entry.",,"Review the Telegram summary, verify in Thndr, and choose any position size manually."
20260603T112758Z_BUY_UNIT.CA,2026-06-03T11:27:58.687112+00:00,PENDING_REVIEW,1,BUY,UNIT.CA,14.39,15.55,13.81,LOW,34.4,BULLISH_WATCH,100,market_context=DELAYED; tradeable_price_tickers=181/190; mubasher_current_rows=182/190,3,"WATCH/BUY SETUP: UNIT.CA has aligned current price data, liquidity above threshold, price above MA20/MA50, RSI 64.44, support 10.27, resistance 15.3, and evidence sources. Macro trend is Bearish; market regime is SELECTIVE_SMALL_MID_SWINGS; verify price action in Thndr before treating it as a swing entry.",,"Review the Telegram summary, verify in Thndr, and choose any position size manually."
20260603T112758Z_BUY_EMFD.CA,2026-06-03T11:27:58.688201+00:00,PENDING_REVIEW,2,BUY,EMFD.CA,11.68,12.62,11.21,LOW,33.9,BULLISH_WATCH,100,market_context=DELAYED; tradeable_price_tickers=181/190; mubasher_current_rows=182/190,3,"WATCH/BUY SETUP: EMFD.CA has aligned current price data, liquidity above threshold, price above MA20/MA50, RSI 62.63, support 9.83, resistance 12.3, and evidence sources. Macro trend is Bearish; market regime is SELECTIVE_SMALL_MID_SWINGS; verify price action in Thndr before treating it as a swing entry.",,"Review the Telegram summary, verify in Thndr, and choose any position size manually."
20260603T112758Z_BUY_ELKA.CA,2026-06-03T11:27:58.689293+00:00,PENDING_REVIEW,3,BUY,ELKA.CA,1.3,1.4,1.25,LOW,32.21,BULLISH_WATCH,84.53,market_context=DELAYED; tradeable_price_tickers=181/190; mubasher_current_rows=182/190,3,"WATCH/BUY SETUP: ELKA.CA has aligned current price data, liquidity above threshold, price above MA20/MA50, RSI 59.09, support 1.11, resistance 1.25, and evidence sources. Macro trend is Bearish; market regime is SELECTIVE_SMALL_MID_SWINGS; verify price action in Thndr before treating it as a swing entry.",,"Review the Telegram summary, verify in Thndr, and choose any position size manually."
20260603T124309Z_BUY_UNIT.CA,2026-06-03T12:43:09.000786+00:00,PENDING_REVIEW,1,BUY,UNIT.CA,14.29,15.43,13.72,LOW,35.4,BULLISH_WATCH,100,market_context=DELAYED; tradeable_price_tickers=180/190; mubasher_current_rows=182/190,3,"WATCH/BUY SETUP: UNIT.CA has aligned current price data, liquidity above threshold, price above MA20/MA50, RSI 64.44, support 10.27, resistance 15.3, and evidence sources. Macro trend is Bearish; market regime is SELECTIVE_SMALL_MID_SWINGS; verify price action in Thndr before treating it as a swing entry.",,"Review the Telegram summary, verify in Thndr, and choose any position size manually."
20260603T124309Z_BUY_EMFD.CA,2026-06-03T12:43:09.001986+00:00,PENDING_REVIEW,2,BUY,EMFD.CA,11.65,12.59,11.18,LOW,35.4,BULLISH_WATCH,100,market_context=DELAYED; tradeable_price_tickers=180/190; mubasher_current_rows=182/190,3,"WATCH/BUY SETUP: EMFD.CA has aligned current price data, liquidity above threshold, price above MA20/MA50, RSI 62.63, support 9.83, resistance 12.3, and evidence sources. Macro trend is Bearish; market regime is SELECTIVE_SMALL_MID_SWINGS; verify price action in Thndr before treating it as a swing entry.",,"Review the Telegram summary, verify in Thndr, and choose any position size manually."
20260603T124309Z_BUY_ARAB.CA,2026-06-03T12:43:09.003178+00:00,PENDING_REVIEW,3,BUY,ARAB.CA,0.21,0.23,0.2,LOW,33.22,BULLISH_WATCH,100,market_context=DELAYED; tradeable_price_tickers=180/190; mubasher_current_rows=182/190,3,"WATCH/BUY SETUP: ARAB.CA has aligned current price data, liquidity above threshold, price above MA20/MA50, RSI 60.61, support 0.19, resistance 0.21, and evidence sources. Macro trend is Bearish; market regime is SELECTIVE_SMALL_MID_SWINGS; verify price action in Thndr before treating it as a swing entry.",,"Review the Telegram summary, verify in Thndr, and choose any position size manually."
20260603T172844Z_BUY_UNIT.CA,2026-06-03T17:28:44.320537+00:00,PENDING_REVIEW,1,BUY,UNIT.CA,14.29,15.43,13.72,LOW,35.4,BULLISH_WATCH,100,market_context=DELAYED; tradeable_price_tickers=180/190; mubasher_current_rows=182/190,3,"WATCH/BUY SETUP: UNIT.CA has aligned current price data, liquidity above threshold, price above MA20/MA50, RSI 64.44, support 10.27, resistance 15.3, and evidence sources. Macro trend is Bearish; market regime is SELECTIVE_SMALL_MID_SWINGS; verify price action in Thndr before treating it as a swing entry.",,"Review the Telegram summary, verify in Thndr, and choose any position size manually."
20260603T172844Z_BUY_EMFD.CA,2026-06-03T17:28:44.321650+00:00,PENDING_REVIEW,2,BUY,EMFD.CA,11.65,12.59,11.18,LOW,35.4,BULLISH_WATCH,100,market_context=DELAYED; tradeable_price_tickers=180/190; mubasher_current_rows=182/190,3,"WATCH/BUY SETUP: EMFD.CA has aligned current price data, liquidity above threshold, price above MA20/MA50, RSI 62.63, support 9.83, resistance 12.3, and evidence sources. Macro trend is Bearish; market regime is SELECTIVE_SMALL_MID_SWINGS; verify price action in Thndr before treating it as a swing entry.",,"Review the Telegram summary, verify in Thndr, and choose any position size manually."
20260603T172844Z_BUY_ARAB.CA,2026-06-03T17:28:44.322767+00:00,PENDING_REVIEW,3,BUY,ARAB.CA,0.21,0.23,0.2,LOW,33.22,BULLISH_WATCH,100,market_context=DELAYED; tradeable_price_tickers=180/190; mubasher_current_rows=182/190,3,"WATCH/BUY SETUP: ARAB.CA has aligned current price data, liquidity above threshold, price above MA20/MA50, RSI 60.61, support 0.19, resistance 0.21, and evidence sources. Macro trend is Bearish; market regime is SELECTIVE_SMALL_MID_SWINGS; verify price action in Thndr before treating it as a swing entry.",,"Review the Telegram summary, verify in Thndr, and choose any position size manually."
20260603T200644Z_BUY_UNIT.CA,2026-06-03T20:06:44.040597+00:00,PENDING_REVIEW,1,BUY,UNIT.CA,14.29,15.43,13.72,LOW,35.4,BULLISH_WATCH,100,market_context=DELAYED; tradeable_price_tickers=180/190; mubasher_current_rows=182/190,1,"WATCH/BUY SETUP: UNIT.CA has aligned current price data, liquidity above threshold, price above MA20/MA50, RSI 64.44, support 10.27, resistance 15.3, and evidence sources. Macro trend is Bearish; market regime is SELECTIVE_SMALL_MID_SWINGS; verify price action in Thndr before treating it as a swing entry.",,"Review the Telegram summary, verify in Thndr, and choose any position size manually."
20260603T200644Z_BUY_EMFD.CA,2026-06-03T20:06:44.041838+00:00,PENDING_REVIEW,2,BUY,EMFD.CA,11.65,12.59,11.18,LOW,35.4,BULLISH_WATCH,100,market_context=DELAYED; tradeable_price_tickers=180/190; mubasher_current_rows=182/190,3,"WATCH/BUY SETUP: EMFD.CA has aligned current price data, liquidity above threshold, price above MA20/MA50, RSI 62.63, support 9.83, resistance 12.3, and evidence sources. Macro trend is Bearish; market regime is SELECTIVE_SMALL_MID_SWINGS; verify price action in Thndr before treating it as a swing entry.",,"Review the Telegram summary, verify in Thndr, and choose any position size manually."
20260603T200644Z_BUY_ARAB.CA,2026-06-03T20:06:44.043108+00:00,PENDING_REVIEW,3,BUY,ARAB.CA,0.21,0.23,0.2,LOW,33.22,BULLISH_WATCH,100,market_context=DELAYED; tradeable_price_tickers=180/190; mubasher_current_rows=182/190,3,"WATCH/BUY SETUP: ARAB.CA has aligned current price data, liquidity above threshold, price above MA20/MA50, RSI 60.61, support 0.19, resistance 0.21, and evidence sources. Macro trend is Bearish; market regime is SELECTIVE_SMALL_MID_SWINGS; verify price action in Thndr before treating it as a swing entry.",,"Review the Telegram summary, verify in Thndr, and choose any position size manually."
20260604T093858Z_BUY_EMFD.CA,2026-06-04T09:38:58.585006+00:00,PENDING_REVIEW,1,BUY,EMFD.CA,11.9,12.86,11.42,LOW,31.02,BULLISH_WATCH,97,market_context=DELAYED; tradeable_price_tickers=181/190; mubasher_current_rows=177/190,3,"WATCH/BUY SETUP: EMFD.CA has aligned current price data, liquidity above threshold, price above MA20/MA50, RSI 61.59, support 9.83, resistance 12.3, and evidence sources. Macro trend is Bearish; market regime is SELECTIVE_SMALL_MID_SWINGS; verify price action in Thndr before treating it as a swing entry.",,"Review the Telegram summary, verify in Thndr, and choose any position size manually."
20260604T093858Z_BUY_ARAB.CA,2026-06-04T09:38:58.586238+00:00,PENDING_REVIEW,2,BUY,ARAB.CA,0.21,0.23,0.2,LOW,30.4,BULLISH_WATCH,98,market_context=DELAYED; tradeable_price_tickers=181/190; mubasher_current_rows=177/190,3,"WATCH/BUY SETUP: ARAB.CA has aligned current price data, liquidity above threshold, price above MA20/MA50, RSI 53.57, support 0.19, resistance 0.22, and evidence sources. Macro trend is Bearish; market regime is SELECTIVE_SMALL_MID_SWINGS; verify price action in Thndr before treating it as a swing entry.",,"Review the Telegram summary, verify in Thndr, and choose any position size manually."
20260604T093858Z_BUY_PRDC.CA,2026-06-04T09:38:58.587510+00:00,PENDING_REVIEW,3,BUY,PRDC.CA,6.27,6.77,6.02,LOW,30.4,BULLISH_WATCH,88,market_context=DELAYED; tradeable_price_tickers=181/190; mubasher_current_rows=177/190,3,"WATCH/BUY SETUP: PRDC.CA has aligned current price data, liquidity above threshold, price above MA20/MA50, RSI 60.42, support 5.08, resistance 6.21, and evidence sources. Macro trend is Bearish; market regime is SELECTIVE_SMALL_MID_SWINGS; verify price action in Thndr before treating it as a swing entry.",,"Review the Telegram summary, verify in Thndr, and choose any position size manually."
20260604T101549Z_BUY_ISPH.CA,2026-06-04T10:15:49.154982+00:00,PENDING_REVIEW,1,BUY,ISPH.CA,12.48,13.48,11.98,LOW,30.72,BULLISH_WATCH,97.36,market_context=DELAYED; tradeable_price_tickers=181/190; mubasher_current_rows=178/190,3,"WATCH/BUY SETUP: ISPH.CA has aligned current price data, liquidity above threshold, price above MA20/MA50, RSI 54.59, support 10.8, resistance 12.25, and evidence sources. Macro trend is Bearish; market regime is SELECTIVE_SMALL_MID_SWINGS; verify price action in Thndr before treating it as a swing entry.",,"Review the Telegram summary, verify in Thndr, and choose any position size manually."
20260604T101549Z_BUY_ARAB.CA,2026-06-04T10:15:49.156210+00:00,PENDING_REVIEW,2,BUY,ARAB.CA,0.21,0.23,0.2,LOW,30.4,BULLISH_WATCH,98,market_context=DELAYED; tradeable_price_tickers=181/190; mubasher_current_rows=178/190,3,"WATCH/BUY SETUP: ARAB.CA has aligned current price data, liquidity above threshold, price above MA20/MA50, RSI 53.57, support 0.19, resistance 0.22, and evidence sources. Macro trend is Bearish; market regime is SELECTIVE_SMALL_MID_SWINGS; verify price action in Thndr before treating it as a swing entry.",,"Review the Telegram summary, verify in Thndr, and choose any position size manually."
20260604T101549Z_BUY_PRDC.CA,2026-06-04T10:15:49.157444+00:00,PENDING_REVIEW,3,BUY,PRDC.CA,6.25,6.75,6.0,LOW,30.4,BULLISH_WATCH,88,market_context=DELAYED; tradeable_price_tickers=181/190; mubasher_current_rows=178/190,3,"WATCH/BUY SETUP: PRDC.CA has aligned current price data, liquidity above threshold, price above MA20/MA50, RSI 60.42, support 5.08, resistance 6.21, and evidence sources. Macro trend is Bearish; market regime is SELECTIVE_SMALL_MID_SWINGS; verify price action in Thndr before treating it as a swing entry.",,"Review the Telegram summary, verify in Thndr, and choose any position size manually."
20260604T111902Z_BUY_ISPH.CA,2026-06-04T11:19:02.650502+00:00,PENDING_REVIEW,1,BUY,ISPH.CA,12.55,13.55,12.05,LOW,31.1,BULLISH_WATCH,97.59,market_context=DELAYED; tradeable_price_tickers=182/190; mubasher_current_rows=179/190,3,"WATCH/BUY SETUP: ISPH.CA has aligned current price data, liquidity above threshold, price above MA20/MA50, RSI 54.59, support 10.8, resistance 12.25, and evidence sources. Macro trend is Bearish; market regime is SELECTIVE_SMALL_MID_SWINGS; verify price action in Thndr before treating it as a swing entry.",,"Review the Telegram summary, verify in Thndr, and choose any position size manually."
20260604T111902Z_BUY_PRDC.CA,2026-06-04T11:19:02.651635+00:00,PENDING_REVIEW,2,BUY,PRDC.CA,6.21,6.71,5.96,LOW,30.44,BULLISH_WATCH,93,market_context=DELAYED; tradeable_price_tickers=182/190; mubasher_current_rows=179/190,3,"WATCH/BUY SETUP: PRDC.CA has aligned current price data, liquidity above threshold, price above MA20/MA50, RSI 60.42, support 5.08, resistance 6.21, and evidence sources. Macro trend is Bearish; market regime is SELECTIVE_SMALL_MID_SWINGS; verify price action in Thndr before treating it as a swing entry.",,"Review the Telegram summary, verify in Thndr, and choose any position size manually."
20260604T111902Z_BUY_GGCC.CA,2026-06-04T11:19:02.652741+00:00,PENDING_REVIEW,3,BUY,GGCC.CA,0.43,0.47,0.41,LOW,30.4,BULLISH_WATCH,83.05,market_context=DELAYED; tradeable_price_tickers=182/190; mubasher_current_rows=179/190,3,"WATCH/BUY SETUP: GGCC.CA has aligned current price data, liquidity above threshold, price above MA20/MA50, RSI 58.14, support 0.39, resistance 0.43, and evidence sources. Macro trend is Bearish; market regime is SELECTIVE_SMALL_MID_SWINGS; verify price action in Thndr before treating it as a swing entry.",,"Review the Telegram summary, verify in Thndr, and choose any position size manually."
20260604T155835Z_HOLD_NONE,2026-06-04T15:58:35.706609+00:00,NO_ACTION,,HOLD,,0,0,0,LOW,,,,market_context=MISSING; tradeable_price_tickers=179/190; mubasher_current_rows=182/190,0,"Local fallback HOLD: macro source is missing, so no new BUY is allowed.",,"No trade signal. Review watchlist, sector movement, and warnings."
20260604T183737Z_BUY_ISPH.CA,2026-06-04T18:37:37.982313+00:00,PENDING_REVIEW,1,BUY,ISPH.CA,12.54,13.54,12.04,LOW,31.34,BULLISH_WATCH,97.65,market_context=DELAYED; tradeable_price_tickers=179/190; mubasher_current_rows=182/190,3,"WATCH/BUY SETUP: ISPH.CA has aligned current price data, liquidity above threshold, price above MA20/MA50, RSI 54.59, support 10.8, resistance 12.25, and evidence sources. Macro trend is Bearish; market regime is SELECTIVE_SMALL_MID_SWINGS; verify price action in Thndr before treating it as a swing entry.",,"Review the Telegram summary, verify in Thndr, and choose any position size manually."
20260604T183737Z_BUY_ARVA.CA,2026-06-04T18:37:37.983419+00:00,PENDING_REVIEW,2,BUY,ARVA.CA,10.6,11.44,10.18,LOW,30.24,BULLISH_WATCH,78.14,market_context=DELAYED; tradeable_price_tickers=179/190; mubasher_current_rows=182/190,3,"WATCH/BUY SETUP: ARVA.CA has aligned current price data, liquidity above threshold, price above MA20/MA50, RSI 64.71, support 7.71, resistance 10.5, and evidence sources. Macro trend is Bearish; market regime is SELECTIVE_SMALL_MID_SWINGS; verify price action in Thndr before treating it as a swing entry.",,"Review the Telegram summary, verify in Thndr, and choose any position size manually."
20260604T183737Z_BUY_ACAMD.CA,2026-06-04T18:37:37.984511+00:00,PENDING_REVIEW,3,BUY,ACAMD.CA,2.37,2.55,2.28,LOW,29.52,BULLISH_WATCH,78.14,market_context=DELAYED; tradeable_price_tickers=179/190; mubasher_current_rows=182/190,3,"WATCH/BUY SETUP: ACAMD.CA has aligned current price data, liquidity above threshold, price above MA20/MA50, RSI 67.31, support 1.94, resistance 2.46, and evidence sources. Macro trend is Bearish; market regime is SELECTIVE_SMALL_MID_SWINGS; verify price action in Thndr before treating it as a swing entry.",,"Review the Telegram summary, verify in Thndr, and choose any position size manually."
20260607T084319Z_BUY_UEGC.CA,2026-06-07T08:43:19.497356+00:00,PENDING_REVIEW,1,BUY,UEGC.CA,1.53,1.65,1.47,LOW,30.92,BULLISH_WATCH,81.85,market_context=DELAYED; tradeable_price_tickers=184/190; mubasher_current_rows=175/190,2,"WATCH/BUY SETUP: UEGC.CA has aligned current price data, liquidity above threshold, price above MA20/MA50, RSI 65.22, support 1.3, resistance 1.46, and evidence sources. Macro trend is Bearish; market regime is SELECTIVE_SMALL_MID_SWINGS; verify price action in Thndr before treating it as a swing entry.",,"Review the Telegram summary, verify in Thndr, and choose any position size manually."
20260607T084319Z_BUY_NCCW.CA,2026-06-07T08:43:19.498468+00:00,PENDING_REVIEW,2,BUY,NCCW.CA,6.2,6.7,5.95,LOW,30.68,BULLISH_WATCH,77.85,market_context=DELAYED; tradeable_price_tickers=184/190; mubasher_current_rows=175/190,3,"WATCH/BUY SETUP: NCCW.CA has aligned current price data, liquidity above threshold, price above MA20/MA50, RSI 66.49, support 5.13, resistance 6.2, and evidence sources. Macro trend is Bearish; market regime is SELECTIVE_SMALL_MID_SWINGS; verify price action in Thndr before treating it as a swing entry.",,"Review the Telegram summary, verify in Thndr, and choose any position size manually."
20260607T084319Z_BUY_EMFD.CA,2026-06-07T08:43:19.499566+00:00,PENDING_REVIEW,3,BUY,EMFD.CA,12.46,13.46,11.96,LOW,30.44,BULLISH_WATCH,97,market_context=DELAYED; tradeable_price_tickers=184/190; mubasher_current_rows=175/190,3,"WATCH/BUY SETUP: EMFD.CA has aligned current price data, liquidity above threshold, price above MA20/MA50, RSI 67.51, support 9.83, resistance 12.38, and evidence sources. Macro trend is Bearish; market regime is SELECTIVE_SMALL_MID_SWINGS; verify price action in Thndr before treating it as a swing entry.",,"Review the Telegram summary, verify in Thndr, and choose any position size manually."
20260607T093631Z_BUY_EMFD.CA,2026-06-07T09:36:31.857579+00:00,PENDING_REVIEW,1,BUY,EMFD.CA,12.38,13.38,11.88,LOW,32.12,BULLISH_WATCH,97,market_context=DELAYED; tradeable_price_tickers=184/190; mubasher_current_rows=177/190,3,"WATCH/BUY SETUP: EMFD.CA has aligned current price data, liquidity above threshold, price above MA20/MA50, RSI 67.51, support 9.83, resistance 12.38, and evidence sources. Macro trend is Bearish; market regime is SELECTIVE_SMALL_MID_SWINGS; verify price action in Thndr before treating it as a swing entry.",,"Review the Telegram summary, verify in Thndr, and choose any position size manually."
20260607T093631Z_BUY_UEGC.CA,2026-06-07T09:36:31.858693+00:00,PENDING_REVIEW,2,BUY,UEGC.CA,1.53,1.65,1.47,LOW,31.27,BULLISH_WATCH,81.82,market_context=DELAYED; tradeable_price_tickers=184/190; mubasher_current_rows=177/190,3,"WATCH/BUY SETUP: UEGC.CA has aligned current price data, liquidity above threshold, price above MA20/MA50, RSI 65.22, support 1.3, resistance 1.46, and evidence sources. Macro trend is Bearish; market regime is SELECTIVE_SMALL_MID_SWINGS; verify price action in Thndr before treating it as a swing entry.",,"Review the Telegram summary, verify in Thndr, and choose any position size manually."
20260607T093631Z_BUY_NCCW.CA,2026-06-07T09:36:31.859804+00:00,PENDING_REVIEW,3,BUY,NCCW.CA,6.3,6.8,6.05,LOW,31.19,BULLISH_WATCH,77.82,market_context=DELAYED; tradeable_price_tickers=184/190; mubasher_current_rows=177/190,3,"WATCH/BUY SETUP: NCCW.CA has aligned current price data, liquidity above threshold, price above MA20/MA50, RSI 66.49, support 5.13, resistance 6.2, and evidence sources. Macro trend is Bearish; market regime is SELECTIVE_SMALL_MID_SWINGS; verify price action in Thndr before treating it as a swing entry.",,"Review the Telegram summary, verify in Thndr, and choose any position size manually."
20260607T103044Z_HOLD_NONE,2026-06-07T10:30:44.427875+00:00,NO_ACTION,,HOLD,,0,0,0,LOW,,,,market_context=DELAYED; tradeable_price_tickers=183/190; mubasher_current_rows=179/190,0,"Local fallback HOLD: no candidate passed evidence, liquidity, freshness, and technical gates.",,"No trade signal. Review watchlist, sector movement, and warnings."
20260607T142851Z_BUY_EMFD.CA,2026-06-07T14:28:51.562230+00:00,PENDING_REVIEW,1,BUY,EMFD.CA,12.38,13.38,11.88,LOW,31.4,BULLISH_WATCH,78.7,market_context=DELAYED; tradeable_price_tickers=178/190; mubasher_current_rows=183/190,3,"WATCH/BUY SETUP: EMFD.CA has aligned current price data, liquidity above threshold, price above MA20/MA50, RSI 67.51, support 9.83, resistance 12.38, and evidence sources. Macro trend is Bearish; market regime is SELECTIVE_SMALL_MID_SWINGS; verify price action in Thndr before treating it as a swing entry.",,"Review the Telegram summary, verify in Thndr, and choose any position size manually."
20260607T174818Z_HOLD_NONE,2026-06-07T17:48:18.124160+00:00,NO_ACTION,,HOLD,,0,0,0,LOW,,,,market_context=DELAYED; tradeable_price_tickers=178/190; mubasher_current_rows=184/190,0,"Local fallback HOLD: no candidate passed evidence, liquidity, freshness, and technical gates.",,"No trade signal. Review watchlist, sector movement, and warnings."
20260608T101107Z_HOLD_NONE,2026-06-08T10:11:07.153183+00:00,NO_ACTION,,HOLD,,0,0,0,LOW,,,,market_context=DELAYED; tradeable_price_tickers=187/190; mubasher_current_rows=176/190,0,"Local fallback HOLD: no candidate passed evidence, liquidity, freshness, and technical gates.",,"No trade signal. Review watchlist, sector movement, and warnings."
20260608T112247Z_HOLD_NONE,2026-06-08T11:22:47.738260+00:00,NO_ACTION,,HOLD,,0,0,0,LOW,,,,market_context=DELAYED; tradeable_price_tickers=185/190; mubasher_current_rows=179/190,0,"Local fallback HOLD: no candidate passed evidence, liquidity, freshness, and technical gates.",,"No trade signal. Review watchlist, sector movement, and warnings."
20260608T122901Z_BUY_RMDA.CA,2026-06-08T12:29:01.050977+00:00,PENDING_REVIEW,1,BUY,RMDA.CA,5.24,5.66,5.03,LOW,31.4,BULLISH_WATCH,96.1,market_context=DELAYED; tradeable_price_tickers=184/190; mubasher_current_rows=180/190,3,"WATCH/BUY SETUP: RMDA.CA has aligned current price data, liquidity above threshold, price above MA20/MA50, RSI 62.85, support 4.78, resistance 5.19, and evidence sources. Macro trend is Bearish; market regime is SELECTIVE_SMALL_MID_SWINGS; verify price action in Thndr before treating it as a swing entry.",,"Review the Telegram summary, verify in Thndr, and choose any position size manually."
20260608T122901Z_BUY_CCAP.CA,2026-06-08T12:29:01.052487+00:00,PENDING_REVIEW,2,BUY,CCAP.CA,5.6,6.04,5.38,LOW,30.64,BULLISH_WATCH,93,market_context=DELAYED; tradeable_price_tickers=184/190; mubasher_current_rows=180/190,3,"WATCH/BUY SETUP: CCAP.CA has aligned current price data, liquidity above threshold, price above MA20/MA50, RSI 54.55, support 4.55, resistance 5.72, and evidence sources. Macro trend is Bearish; market regime is SELECTIVE_SMALL_MID_SWINGS; verify price action in Thndr before treating it as a swing entry.",,"Review the Telegram summary, verify in Thndr, and choose any position size manually."
20260608T122901Z_BUY_MPRC.CA,2026-06-08T12:29:01.054093+00:00,PENDING_REVIEW,3,BUY,MPRC.CA,33.56,36.24,32.22,LOW,29.84,BULLISH_WATCH,95.79,market_context=DELAYED; tradeable_price_tickers=184/190; mubasher_current_rows=180/190,3,"WATCH/BUY SETUP: MPRC.CA has aligned current price data, liquidity above threshold, price above MA20/MA50, RSI 60.71, support 30.61, resistance 34.55, and evidence sources. Macro trend is Bearish; market regime is SELECTIVE_SMALL_MID_SWINGS; verify price action in Thndr before treating it as a swing entry.",,"Review the Telegram summary, verify in Thndr, and choose any position size manually."
20260608T163752Z_HOLD_NONE,2026-06-08T16:37:52.760267+00:00,NO_ACTION,,HOLD,,0,0,0,LOW,,,,market_context=DELAYED; tradeable_price_tickers=184/190; mubasher_current_rows=180/190,0,"Local fallback HOLD: no candidate passed evidence, liquidity, freshness, and technical gates.",,"No trade signal. Review watchlist, sector movement, and warnings."
20260608T184520Z_HOLD_NONE,2026-06-08T18:45:20.990121+00:00,NO_ACTION,,HOLD,,0,0,0,LOW,,,,market_context=DELAYED; tradeable_price_tickers=184/190; mubasher_current_rows=180/190,0,"Local fallback HOLD: no candidate passed evidence, liquidity, freshness, and technical gates.",,"No trade signal. Review watchlist, sector movement, and warnings."
20260609T085249Z_HOLD_NONE,2026-06-09T08:52:49.986351+00:00,NO_ACTION,,HOLD,,0,0,0,LOW,,,,market_context=DELAYED; tradeable_price_tickers=184/190; mubasher_current_rows=168/190,0,"Local scanner HOLD: EGX30/EGX70 regime and sector breadth are defensive, so no new BUY is allowed.",,"No trade signal. Review watchlist, sector movement, and warnings."
20260609T100532Z_HOLD_NONE,2026-06-09T10:05:32.709803+00:00,NO_ACTION,,HOLD,,0,0,0,LOW,,,,market_context=DELAYED; tradeable_price_tickers=183/190; mubasher_current_rows=177/190,0,"Local scanner HOLD: EGX30/EGX70 regime and sector breadth are defensive, so no new BUY is allowed.",,"No trade signal. Review watchlist, sector movement, and warnings."
20260609T110123Z_HOLD_NONE,2026-06-09T11:01:23.669329+00:00,NO_ACTION,,HOLD,,0,0,0,LOW,,,,market_context=DELAYED; tradeable_price_tickers=181/190; mubasher_current_rows=180/190,0,"Local scanner HOLD: EGX30/EGX70 regime and sector breadth are defensive, so no new BUY is allowed.",,"No trade signal. Review watchlist, sector movement, and warnings."
20260609T153612Z_HOLD_NONE,2026-06-09T15:36:12.020794+00:00,NO_ACTION,,HOLD,,0,0,0,LOW,,,,market_context=DELAYED; tradeable_price_tickers=181/190; mubasher_current_rows=181/190,0,"Local scanner HOLD: EGX30/EGX70 regime and sector breadth are defensive, so no new BUY is allowed.",,"No trade signal. Review watchlist, sector movement, and warnings."
20260609T183229Z_HOLD_NONE,2026-06-09T18:32:29.059664+00:00,NO_ACTION,,HOLD,,0,0,0,LOW,,,,market_context=DELAYED; tradeable_price_tickers=181/190; mubasher_current_rows=181/190,0,"Local scanner HOLD: EGX30/EGX70 regime and sector breadth are defensive, so no new BUY is allowed.",,"No trade signal. Review watchlist, sector movement, and warnings."
20260610T091010Z_HOLD_NONE,2026-06-10T09:10:10.170816+00:00,NO_ACTION,,HOLD,,0,0,0,LOW,,,,market_context=DELAYED; tradeable_price_tickers=187/190; mubasher_current_rows=171/190,0,"Local scanner HOLD: EGX30/EGX70 regime and sector breadth are defensive, so no new BUY is allowed.",,"No trade signal. Review watchlist, sector movement, and warnings."
20260610T102420Z_HOLD_NONE,2026-06-10T10:24:20.888055+00:00,NO_ACTION,,HOLD,,0,0,0,LOW,,,,market_context=DELAYED; tradeable_price_tickers=186/190; mubasher_current_rows=177/190,0,"Local scanner HOLD: EGX30/EGX70 regime and sector breadth are defensive, so no new BUY is allowed.",,"No trade signal. Review watchlist, sector movement, and warnings."
20260610T113854Z_HOLD_NONE,2026-06-10T11:38:54.592382+00:00,NO_ACTION,,HOLD,,0,0,0,LOW,,,,market_context=DELAYED; tradeable_price_tickers=177/190; mubasher_current_rows=184/190,0,"Local scanner HOLD: EGX30/EGX70 regime and sector breadth are defensive, so no new BUY is allowed.",,"No trade signal. Review watchlist, sector movement, and warnings."
20260610T161608Z_HOLD_NONE,2026-06-10T16:16:08.121400+00:00,NO_ACTION,,HOLD,,0,0,0,LOW,,,,market_context=DELAYED; tradeable_price_tickers=177/190; mubasher_current_rows=184/190,0,"Local scanner HOLD: EGX30/EGX70 regime and sector breadth are defensive, so no new BUY is allowed.",,"No trade signal. Review watchlist, sector movement, and warnings."
20260610T191244Z_HOLD_NONE,2026-06-10T19:12:44.595845+00:00,NO_ACTION,,HOLD,,0,0,0,LOW,,,,market_context=DELAYED; tradeable_price_tickers=177/190; mubasher_current_rows=184/190,0,"Local scanner HOLD: EGX30/EGX70 regime and sector breadth are defensive, so no new BUY is allowed.",,"No trade signal. Review watchlist, sector movement, and warnings."
20260611T095551Z_HOLD_NONE,2026-06-11T09:55:51.494593+00:00,NO_ACTION,,HOLD,,0,0,0,LOW,,,,market_context=DELAYED; tradeable_price_tickers=188/190; mubasher_current_rows=173/190,0,"Local scanner HOLD: EGX30/EGX70 regime and sector breadth are defensive, so no new BUY is allowed.",,"No trade signal. Review watchlist, sector movement, and warnings."
20260611T110245Z_HOLD_NONE,2026-06-11T11:02:45.097408+00:00,NO_ACTION,,HOLD,,0,0,0,LOW,,,,market_context=DELAYED; tradeable_price_tickers=188/190; mubasher_current_rows=176/190,0,"Local scanner HOLD: EGX30/EGX70 regime and sector breadth are defensive, so no new BUY is allowed.",,"No trade signal. Review watchlist, sector movement, and warnings."
20260611T121134Z_HOLD_NONE,2026-06-11T12:11:34.154290+00:00,NO_ACTION,,HOLD,,0,0,0,LOW,,,,market_context=DELAYED; tradeable_price_tickers=183/190; mubasher_current_rows=179/190,0,"Local scanner HOLD: EGX30/EGX70 regime and sector breadth are defensive, so no new BUY is allowed.",,"No trade signal. Review watchlist, sector movement, and warnings."
20260611T163740Z_HOLD_NONE,2026-06-11T16:37:40.540848+00:00,NO_ACTION,,HOLD,,0,0,0,LOW,,,,market_context=DELAYED; tradeable_price_tickers=183/190; mubasher_current_rows=179/190,0,"Local scanner HOLD: EGX30/EGX70 regime and sector breadth are defensive, so no new BUY is allowed.",,"No trade signal. Review watchlist, sector movement, and warnings."
20260611T192111Z_HOLD_NONE,2026-06-11T19:21:11.873886+00:00,NO_ACTION,,HOLD,,0,0,0,LOW,,,,market_context=DELAYED; tradeable_price_tickers=183/190; mubasher_current_rows=179/190,0,"Local scanner HOLD: EGX30/EGX70 regime and sector breadth are defensive, so no new BUY is allowed.",,"No trade signal. Review watchlist, sector movement, and warnings."
20260614T085852Z_HOLD_NONE,2026-06-14T08:58:52.258546+00:00,NO_ACTION,,HOLD,,0,0,0,LOW,,,,market_context=DELAYED; tradeable_price_tickers=185/190; mubasher_current_rows=174/190,0,"Local scanner HOLD: EGX30/EGX70 regime and sector breadth are defensive, so no new BUY is allowed.",,"No trade signal. Review watchlist, sector movement, and warnings."
20260614T101207Z_HOLD_NONE,2026-06-14T10:12:07.423905+00:00,NO_ACTION,,HOLD,,0,0,0,LOW,,,,market_context=MISSING; tradeable_price_tickers=187/190; mubasher_current_rows=137/190,0,"Local scanner HOLD: EGX30/EGX70 regime and sector breadth are defensive, so no new BUY is allowed.",,"No trade signal. Review watchlist, sector movement, and warnings."
20260614T105005Z_HOLD_NONE,2026-06-14T10:50:05.293871+00:00,NO_ACTION,,HOLD,,0,0,0,LOW,,,,market_context=DELAYED; tradeable_price_tickers=178/190; mubasher_current_rows=179/190,0,"Local scanner HOLD: EGX30/EGX70 regime and sector breadth are defensive, so no new BUY is allowed.",,"No trade signal. Review watchlist, sector movement, and warnings."
20260614T144235Z_HOLD_NONE,2026-06-14T14:42:35.533331+00:00,NO_ACTION,,HOLD,,0,0,0,LOW,,,,market_context=DELAYED; tradeable_price_tickers=172/190; mubasher_current_rows=174/190,0,"Local scanner HOLD: EGX30/EGX70 regime and sector breadth are defensive, so no new BUY is allowed.",,"No trade signal. Review watchlist, sector movement, and warnings."
20260614T175729Z_HOLD_NONE,2026-06-14T17:57:29.025442+00:00,NO_ACTION,,HOLD,,0,0,0,LOW,,,,market_context=DELAYED; tradeable_price_tickers=172/190; mubasher_current_rows=180/190,0,"Local scanner HOLD: EGX30/EGX70 regime and sector breadth are defensive, so no new BUY is allowed.",,"No trade signal. Review watchlist, sector movement, and warnings."
20260615T113809Z_HOLD_NONE,2026-06-15T11:38:09.919767+00:00,NO_ACTION,,HOLD,,0,0,0,LOW,,,,market_context=DELAYED; tradeable_price_tickers=180/190; mubasher_current_rows=179/190,0,"Local scanner HOLD: EGX30/EGX70 regime and sector breadth are defensive, so no new BUY is allowed.",,"No trade signal. Review watchlist, sector movement, and warnings."
20260615T124236Z_HOLD_NONE,2026-06-15T12:42:36.549363+00:00,NO_ACTION,,HOLD,,0,0,0,LOW,,,,market_context=DELAYED; tradeable_price_tickers=180/190; mubasher_current_rows=179/190,0,"Local scanner HOLD: EGX30/EGX70 regime and sector breadth are defensive, so no new BUY is allowed.",,"No trade signal. Review watchlist, sector movement, and warnings."
20260615T135326Z_HOLD_NONE,2026-06-15T13:53:26.071419+00:00,NO_ACTION,,HOLD,,0,0,0,LOW,,,,market_context=DELAYED; tradeable_price_tickers=180/190; mubasher_current_rows=179/190,0,"Local scanner HOLD: EGX30/EGX70 regime and sector breadth are defensive, so no new BUY is allowed.",,"No trade signal. Review watchlist, sector movement, and warnings."
20260615T173232Z_HOLD_NONE,2026-06-15T17:32:32.694130+00:00,NO_ACTION,,HOLD,,0,0,0,LOW,,,,market_context=DELAYED; tradeable_price_tickers=180/190; mubasher_current_rows=179/190,0,"Local scanner HOLD: EGX30/EGX70 regime and sector breadth are defensive, so no new BUY is allowed.",,"No trade signal. Review watchlist, sector movement, and warnings."
20260615T200351Z_HOLD_NONE,2026-06-15T20:03:51.827874+00:00,NO_ACTION,,HOLD,,0,0,0,LOW,,,,market_context=DELAYED; tradeable_price_tickers=180/190; mubasher_current_rows=179/190,0,"Local scanner HOLD: EGX30/EGX70 regime and sector breadth are defensive, so no new BUY is allowed.",,"No trade signal. Review watchlist, sector movement, and warnings."
20260616T103319Z_HOLD_NONE,2026-06-16T10:33:19.236342+00:00,NO_ACTION,,HOLD,,0,0,0,LOW,,,,market_context=DELAYED; tradeable_price_tickers=174/190; mubasher_current_rows=179/190,0,"Local scanner HOLD: EGX30/EGX70 regime and sector breadth are defensive, so no new BUY is allowed.",,"No trade signal. Review watchlist, sector movement, and warnings."
20260616T113617Z_HOLD_NONE,2026-06-16T11:36:17.113069+00:00,NO_ACTION,,HOLD,,0,0,0,LOW,,,,market_context=DELAYED; tradeable_price_tickers=179/190; mubasher_current_rows=183/190,0,"Local scanner HOLD: EGX30/EGX70 regime and sector breadth are defensive, so no new BUY is allowed.",,"No trade signal. Review watchlist, sector movement, and warnings."
20260616T125306Z_HOLD_NONE,2026-06-16T12:53:06.176320+00:00,NO_ACTION,,HOLD,,0,0,0,LOW,,,,market_context=DELAYED; tradeable_price_tickers=179/190; mubasher_current_rows=183/190,0,"Local scanner HOLD: EGX30/EGX70 regime and sector breadth are defensive, so no new BUY is allowed.",,"No trade signal. Review watchlist, sector movement, and warnings."
20260616T173137Z_HOLD_NONE,2026-06-16T17:31:37.808975+00:00,NO_ACTION,,HOLD,,0,0,0,LOW,,,,market_context=DELAYED; tradeable_price_tickers=179/190; mubasher_current_rows=183/190,0,"Local scanner HOLD: EGX30/EGX70 regime and sector breadth are defensive, so no new BUY is allowed.",,"No trade signal. Review watchlist, sector movement, and warnings."
20260616T195718Z_HOLD_NONE,2026-06-16T19:57:18.196370+00:00,NO_ACTION,,HOLD,,0,0,0,LOW,,,,market_context=DELAYED; tradeable_price_tickers=179/190; mubasher_current_rows=183/190,0,"Local scanner HOLD: EGX30/EGX70 regime and sector breadth are defensive, so no new BUY is allowed.",,"No trade signal. Review watchlist, sector movement, and warnings."
20260617T102044Z_HOLD_NONE,2026-06-17T10:20:44.576786+00:00,NO_ACTION,,HOLD,,0,0,0,LOW,,,,market_context=DELAYED; tradeable_price_tickers=180/190; mubasher_current_rows=177/190,0,"Local scanner HOLD: EGX30/EGX70 regime and sector breadth are defensive, so no new BUY is allowed.",,"No trade signal. Review watchlist, sector movement, and warnings."
20260617T112028Z_HOLD_NONE,2026-06-17T11:20:28.212464+00:00,NO_ACTION,,HOLD,,0,0,0,LOW,,,,market_context=DELAYED; tradeable_price_tickers=182/190; mubasher_current_rows=179/190,0,"Local scanner HOLD: EGX30/EGX70 regime and sector breadth are defensive, so no new BUY is allowed.",,"No trade signal. Review watchlist, sector movement, and warnings."
20260617T121636Z_HOLD_NONE,2026-06-17T12:16:36.810385+00:00,NO_ACTION,,HOLD,,0,0,0,LOW,,,,market_context=DELAYED; tradeable_price_tickers=180/190; mubasher_current_rows=179/190,0,"Local scanner HOLD: EGX30/EGX70 regime and sector breadth are defensive, so no new BUY is allowed.",,"No trade signal. Review watchlist, sector movement, and warnings."
20260617T161315Z_HOLD_NONE,2026-06-17T16:13:15.161613+00:00,NO_ACTION,,HOLD,,0,0,0,LOW,,,,market_context=DELAYED; tradeable_price_tickers=180/190; mubasher_current_rows=179/190,0,"Local scanner HOLD: EGX30/EGX70 regime and sector breadth are defensive, so no new BUY is allowed.",,"No trade signal. Review watchlist, sector movement, and warnings."
20260617T184149Z_HOLD_NONE,2026-06-17T18:41:49.518716+00:00,NO_ACTION,,HOLD,,0,0,0,LOW,,,,market_context=DELAYED; tradeable_price_tickers=180/190; mubasher_current_rows=179/190,0,"Local scanner HOLD: EGX30/EGX70 regime and sector breadth are defensive, so no new BUY is allowed.",,"No trade signal. Review watchlist, sector movement, and warnings."
20260618T100113Z_HOLD_NONE,2026-06-18T10:01:13.341248+00:00,NO_ACTION,,HOLD,,0,0,0,LOW,,,,market_context=DELAYED; tradeable_price_tickers=180/190; mubasher_current_rows=179/190,0,"Local fallback HOLD: no candidate passed evidence, liquidity, freshness, and technical gates.",,"No trade signal. Review watchlist, sector movement, and warnings."
20260618T104924Z_BUY_MASR.CA,2026-06-18T10:49:24.804311+00:00,PENDING_REVIEW,1,BUY,MASR.CA,7.44,8.04,7.14,LOW,31.38,BULLISH_WATCH,89.26,market_context=DELAYED; tradeable_price_tickers=180/190; mubasher_current_rows=179/190,3,"WATCH/BUY SETUP: MASR.CA has aligned current price data, liquidity above threshold, price above MA20/MA50, RSI 61.24, support 6.54, resistance 7.4, and evidence sources. Macro trend is Bullish; market regime is SELECTIVE_SMALL_MID_SWINGS; verify price action in Thndr before treating it as a swing entry.",,"Review the Telegram summary, verify in Thndr, and choose any position size manually."
20260618T104924Z_BUY_HDBK.CA,2026-06-18T10:49:24.805679+00:00,PENDING_REVIEW,2,BUY,HDBK.CA,145.42,156.32,139.97,LOW,28.9,BULLISH_WATCH,95.24,market_context=DELAYED; tradeable_price_tickers=180/190; mubasher_current_rows=179/190,3,"WATCH/BUY SETUP: HDBK.CA has aligned current price data, liquidity above threshold, price above MA20/MA50, RSI 59.06, support 138.0, resistance 154.0, and evidence sources. Macro trend is Bullish; market regime is SELECTIVE_SMALL_MID_SWINGS; verify price action in Thndr before treating it as a swing entry.",,"Review the Telegram summary, verify in Thndr, and choose any position size manually."
20260618T104924Z_BUY_TMGH.CA,2026-06-18T10:49:24.807033+00:00,PENDING_REVIEW,3,BUY,TMGH.CA,96.86,102.32,94.13,LOW,28.04,BULLISH_WATCH,92.91,market_context=DELAYED; tradeable_price_tickers=180/190; mubasher_current_rows=179/190,3,"WATCH/BUY SETUP: TMGH.CA has aligned current price data, liquidity above threshold, price above MA20/MA50, RSI 48.52, support 92.91, resistance 101.4, and evidence sources. Macro trend is Bullish; market regime is SELECTIVE_SMALL_MID_SWINGS; verify price action in Thndr before treating it as a swing entry.",,"Review the Telegram summary, verify in Thndr, and choose any position size manually."
20260618T115427Z_HOLD_NONE,2026-06-18T11:54:27.744700+00:00,NO_ACTION,,HOLD,,0,0,0,LOW,,,,market_context=DELAYED; tradeable_price_tickers=180/190; mubasher_current_rows=178/190,0,"Local fallback HOLD: no candidate passed evidence, liquidity, freshness, and technical gates.",,"No trade signal. Review watchlist, sector movement, and warnings."
20260618T160309Z_HOLD_NONE,2026-06-18T16:03:09.363764+00:00,NO_ACTION,,HOLD,,0,0,0,LOW,,,,market_context=DELAYED; tradeable_price_tickers=180/190; mubasher_current_rows=179/190,0,"Local fallback HOLD: no candidate passed evidence, liquidity, freshness, and technical gates.",,"No trade signal. Review watchlist, sector movement, and warnings."
20260618T184249Z_HOLD_NONE,2026-06-18T18:42:49.185674+00:00,NO_ACTION,,HOLD,,0,0,0,LOW,,,,market_context=DELAYED; tradeable_price_tickers=180/190; mubasher_current_rows=179/190,0,"Local fallback HOLD: no candidate passed evidence, liquidity, freshness, and technical gates.",,"No trade signal. Review watchlist, sector movement, and warnings."
20260621T093251Z_BUY_HDBK.CA,2026-06-21T09:32:51.629643+00:00,PENDING_REVIEW,1,BUY,HDBK.CA,154.97,167.37,148.77,LOW,31.73,BULLISH_WATCH,94.12,market_context=DELAYED; tradeable_price_tickers=170/190; mubasher_current_rows=173/190,3,"WATCH/BUY SETUP: HDBK.CA has aligned current price data, liquidity above threshold, price above MA20/MA50, RSI 59.06, support 138.0, resistance 154.0, and evidence sources. Macro trend is Bullish; market regime is SELECTIVE_SMALL_MID_SWINGS; verify price action in Thndr before treating it as a swing entry.",,"Review the Telegram summary, verify in Thndr, and choose any position size manually."
20260621T093251Z_BUY_MASR.CA,2026-06-21T09:32:51.631034+00:00,PENDING_REVIEW,2,BUY,MASR.CA,7.59,8.19,7.29,LOW,28.18,BULLISH_WATCH,82.04,market_context=DELAYED; tradeable_price_tickers=170/190; mubasher_current_rows=173/190,3,"WATCH/BUY SETUP: MASR.CA has aligned current price data, liquidity above threshold, price above MA20/MA50, RSI 61.24, support 6.54, resistance 7.4, and evidence sources. Macro trend is Bullish; market regime is SELECTIVE_SMALL_MID_SWINGS; verify price action in Thndr before treating it as a swing entry.",,"Review the Telegram summary, verify in Thndr, and choose any position size manually."
20260621T093251Z_BUY_PHTV.CA,2026-06-21T09:32:51.632428+00:00,PENDING_REVIEW,3,BUY,PHTV.CA,227.3,245.48,218.21,LOW,28.02,CONSTRUCTIVE,69.04,market_context=DELAYED; tradeable_price_tickers=170/190; mubasher_current_rows=173/190,3,"WATCH/BUY SETUP: PHTV.CA has aligned current price data, liquidity above threshold, price above MA20/MA50, RSI 63.1, support 201.55, resistance 224.99, and evidence sources. Macro trend is Bullish; market regime is SELECTIVE_SMALL_MID_SWINGS; verify price action in Thndr before treating it as a swing entry.",,"Review the Telegram summary, verify in Thndr, and choose any position size manually."
