timestamp_utc,Ticker,Sector,Data_Status,Provider,Liquidity_Source,Technical_Source_Status,Price_As_Of,Freshness,Volume,Daily_Liquidity_EGP,Issue,Recommended_Action
2026-06-16T17:31:24.068652+00:00,MTIE.CA,Automotive & Distribution,OK,Yahoo Finance history + Mubasher delayed current trading data,Mubasher delayed stock page,ALIGNED,01:29 PM market time,DELAYED_CURRENT,7572327.0,71459168.0,Current quote uses Mubasher delayed stock page data; verify live price/spread in Thndr.,Review manually
2026-06-16T17:31:24.068652+00:00,HDBK.CA,Banking & Financials,OK,Yahoo Finance history + Mubasher delayed current trading data,Mubasher delayed stock page,ALIGNED,01:26 PM market time,DELAYED_CURRENT,397662.0,59812140.0,Current quote uses Mubasher delayed stock page data; verify live price/spread in Thndr.,Review manually
2026-06-16T17:31:24.068652+00:00,MPCO.CA,Agriculture & Food Production,OK,Yahoo Finance history + Mubasher delayed current trading data,Mubasher delayed stock page,ALIGNED,01:29 PM market time,DELAYED_CURRENT,176081727.0,350752960.0,Current quote uses Mubasher delayed stock page data; verify live price/spread in Thndr.,Review manually
2026-06-16T17:31:24.068652+00:00,EPCO.CA,General / Verified EGX Expansion,OK,Yahoo Finance history + Mubasher delayed current trading data,Mubasher delayed stock page,ALIGNED,01:25 PM market time,DELAYED_CURRENT,4141260.0,39504656.0,Current quote uses Mubasher delayed stock page data; verify live price/spread in Thndr.,Review manually
2026-06-16T17:31:24.068652+00:00,MOSC.CA,General / Verified EGX Expansion,OK,Yahoo Finance history + Mubasher delayed current trading data,Mubasher delayed stock page,ALIGNED,01:29 PM market time,DELAYED_CURRENT,101917.0,29535896.0,Current quote uses Mubasher delayed stock page data; verify live price/spread in Thndr.,Review manually
2026-06-16T17:31:24.068652+00:00,PHDC.CA,Real Estate,OK,Yahoo Finance history + Mubasher delayed current trading data,Mubasher delayed stock page,ALIGNED,01:29 PM market time,DELAYED_CURRENT,39253764.0,625832000.0,Current quote uses Mubasher delayed stock page data; verify live price/spread in Thndr.,Review manually
2026-06-16T17:31:24.068652+00:00,ARAB.CA,Real Estate,OK,Yahoo Finance history + Mubasher delayed current trading data,Mubasher delayed stock page,ALIGNED,01:29 PM market time,DELAYED_CURRENT,554792997.0,121253464.0,Current quote uses Mubasher delayed stock page data; verify live price/spread in Thndr.,Review manually
2026-06-16T17:31:24.068652+00:00,EAST.CA,"Food, Beverages & Tobacco",OK,Yahoo Finance history + Mubasher delayed current trading data,Mubasher delayed stock page,ALIGNED,01:25 PM market time,DELAYED_CURRENT,811188.0,32398896.0,Current quote uses Mubasher delayed stock page data; verify live price/spread in Thndr.,Review manually
2026-06-16T17:31:24.068652+00:00,ANFI.CA,General / Verified EGX Expansion,OK,Yahoo Finance,Yahoo Finance,,2026-06-14T21:00:00+00:00,FRESH,7034004.0,202227615.0,,No action
2026-06-16T17:31:24.068652+00:00,EMFD.CA,Real Estate,OK,Yahoo Finance history + Mubasher delayed current trading data,Mubasher delayed stock page,ALIGNED,01:27 PM market time,DELAYED_CURRENT,24725593.0,306361472.0,Current quote uses Mubasher delayed stock page data; verify live price/spread in Thndr.,Review manually
2026-06-16T17:31:24.068652+00:00,GBCO.CA,Automotive & Distribution,OK,Yahoo Finance history + Mubasher delayed current trading data,Mubasher delayed stock page,ALIGNED,01:28 PM market time,DELAYED_CURRENT,1672093.0,46990748.0,Current quote uses Mubasher delayed stock page data; verify live price/spread in Thndr.,Review manually
2026-06-16T17:31:24.068652+00:00,HRHO.CA,Non-bank Financial Services,OK,Yahoo Finance history + Mubasher delayed current trading data,Mubasher delayed stock page,ALIGNED,01:29 PM market time,DELAYED_CURRENT,15970540.0,439748384.0,Current quote uses Mubasher delayed stock page data; verify live price/spread in Thndr.,Review manually
2026-06-16T17:31:24.068652+00:00,PHTV.CA,General / Verified EGX Expansion,OK,Yahoo Finance history + Mubasher delayed current trading data,Mubasher delayed stock page,ALIGNED,01:25 PM market time,DELAYED_CURRENT,103998.0,23022256.0,Current quote uses Mubasher delayed stock page data; verify live price/spread in Thndr.,Review manually
2026-06-16T17:31:24.068652+00:00,JUFO.CA,"Food, Beverages & Tobacco",OK,Yahoo Finance history + Mubasher delayed current trading data,Mubasher delayed stock page,ALIGNED,01:29 PM market time,DELAYED_CURRENT,712893.0,21728962.0,Current quote uses Mubasher delayed stock page data; verify live price/spread in Thndr.,Review manually
2026-06-16T17:31:24.068652+00:00,ROTO.CA,General / Verified EGX Expansion,OK,Yahoo Finance history + Mubasher delayed current trading data,Mubasher delayed stock page,ALIGNED,01:28 PM market time,DELAYED_CURRENT,439651.0,15441989.0,Current quote uses Mubasher delayed stock page data; verify live price/spread in Thndr.,Review manually
2026-06-16T17:31:24.068652+00:00,CANA.CA,Banking & Financials,OK,Yahoo Finance history + Mubasher delayed current trading data,Mubasher delayed stock page,ALIGNED,01:27 PM market time,DELAYED_CURRENT,324617.0,12119788.0,Current quote uses Mubasher delayed stock page data; verify live price/spread in Thndr.,Review manually
2026-06-16T17:31:24.068652+00:00,ASPI.CA,General / Verified EGX Expansion,OK,Yahoo Finance history + Mubasher delayed current trading data,Mubasher delayed stock page,ALIGNED,01:27 PM market time,DELAYED_CURRENT,88645331.0,27393872.0,Current quote uses Mubasher delayed stock page data; verify live price/spread in Thndr.,Review manually
2026-06-16T17:31:24.068652+00:00,ISMA.CA,General / Verified EGX Expansion,OK,Yahoo Finance history + Mubasher delayed current trading data,Mubasher delayed stock page,ALIGNED,01:28 PM market time,DELAYED_CURRENT,4733274.0,146305568.0,Current quote uses Mubasher delayed stock page data; verify live price/spread in Thndr.,Review manually
2026-06-16T17:31:24.068652+00:00,UEGC.CA,General / Verified EGX Expansion,OK,Yahoo Finance history + Mubasher delayed current trading data,Mubasher delayed stock page,ALIGNED,01:26 PM market time,DELAYED_CURRENT,12358162.0,17635206.0,Current quote uses Mubasher delayed stock page data; verify live price/spread in Thndr.,Review manually
2026-06-16T17:31:24.068652+00:00,RREI.CA,General / Verified EGX Expansion,OK,Yahoo Finance history + Mubasher delayed current trading data,Mubasher delayed stock page,ALIGNED,01:29 PM market time,DELAYED_CURRENT,11241504.0,40623264.0,Current quote uses Mubasher delayed stock page data; verify live price/spread in Thndr.,Review manually
2026-06-16T17:31:24.068652+00:00,ORHD.CA,Real Estate,OK,Yahoo Finance history + Mubasher delayed current trading data,Mubasher delayed stock page,ALIGNED,01:29 PM market time,DELAYED_CURRENT,3159852.0,118224872.0,Current quote uses Mubasher delayed stock page data; verify live price/spread in Thndr.,Review manually
2026-06-16T17:31:24.068652+00:00,ZMID.CA,Real Estate,OK,Yahoo Finance history + Mubasher delayed current trading data,Mubasher delayed stock page,ALIGNED,01:29 PM market time,DELAYED_CURRENT,14055725.0,87080432.0,Current quote uses Mubasher delayed stock page data; verify live price/spread in Thndr.,Review manually
2026-06-16T17:31:24.068652+00:00,PRMH.CA,General / Verified EGX Expansion,OK,Yahoo Finance history + Mubasher delayed current trading data,Mubasher delayed stock page,ALIGNED,01:28 PM market time,DELAYED_CURRENT,15532584.0,44973944.0,Current quote uses Mubasher delayed stock page data; verify live price/spread in Thndr.,Review manually
2026-06-16T17:31:24.068652+00:00,ODIN.CA,General / Verified EGX Expansion,OK,Yahoo Finance history + Mubasher delayed current trading data,Mubasher delayed stock page,ALIGNED,01:29 PM market time,DELAYED_CURRENT,8489467.0,18780236.0,Current quote uses Mubasher delayed stock page data; verify live price/spread in Thndr.,Review manually
2026-06-16T17:31:24.068652+00:00,MASR.CA,General / Verified EGX Expansion,OK,Yahoo Finance history + Mubasher delayed current trading data,Mubasher delayed stock page,ALIGNED,01:29 PM market time,DELAYED_CURRENT,10553166.0,76534112.0,Current quote uses Mubasher delayed stock page data; verify live price/spread in Thndr.,Review manually
2026-06-16T17:31:24.068652+00:00,COSG.CA,General / Verified EGX Expansion,OK,Yahoo Finance history + Mubasher delayed current trading data,Mubasher delayed stock page,ALIGNED,01:29 PM market time,DELAYED_CURRENT,55538133.0,90209928.0,Current quote uses Mubasher delayed stock page data; verify live price/spread in Thndr.,Review manually
2026-06-16T17:31:24.068652+00:00,OLFI.CA,"Food, Beverages & Tobacco",OK,Yahoo Finance history + Mubasher delayed current trading data,Mubasher delayed stock page,ALIGNED,01:27 PM market time,DELAYED_CURRENT,1012649.0,22284914.0,Current quote uses Mubasher delayed stock page data; verify live price/spread in Thndr.,Review manually
2026-06-16T17:31:24.068652+00:00,ADIB.CA,Banking & Financials,OK,Yahoo Finance history + Mubasher delayed current trading data,Mubasher delayed stock page,ALIGNED,01:29 PM market time,DELAYED_CURRENT,1564948.0,74269264.0,Current quote uses Mubasher delayed stock page data; verify live price/spread in Thndr.,Review manually
2026-06-16T17:31:24.068652+00:00,LUTS.CA,General / Verified EGX Expansion,OK,Yahoo Finance history + Mubasher delayed current trading data,Mubasher delayed stock page,ALIGNED,01:29 PM market time,DELAYED_CURRENT,70138166.0,52499264.0,Current quote uses Mubasher delayed stock page data; verify live price/spread in Thndr.,Review manually
2026-06-16T17:31:24.068652+00:00,CCRS.CA,General / Verified EGX Expansion,OK,Yahoo Finance history + Mubasher delayed current trading data,Mubasher delayed stock page,ALIGNED,01:29 PM market time,DELAYED_CURRENT,10193289.0,25339222.0,Current quote uses Mubasher delayed stock page data; verify live price/spread in Thndr.,Review manually
2026-06-16T17:31:24.068652+00:00,MPCI.CA,General / Verified EGX Expansion,OK,Yahoo Finance history + Mubasher delayed current trading data,Mubasher delayed stock page,ALIGNED,01:28 PM market time,DELAYED_CURRENT,375879.0,82515128.0,Current quote uses Mubasher delayed stock page data; verify live price/spread in Thndr.,Review manually
2026-06-16T17:31:24.068652+00:00,GDWA.CA,General / Verified EGX Expansion,OK,Yahoo Finance history + Mubasher delayed current trading data,Mubasher delayed stock page,ALIGNED,01:25 PM market time,DELAYED_CURRENT,25333345.0,20508434.0,Current quote uses Mubasher delayed stock page data; verify live price/spread in Thndr.,Review manually
2026-06-16T17:31:24.068652+00:00,ACAMD.CA,General / Verified EGX Expansion,OK,Yahoo Finance history + Mubasher delayed current trading data,Mubasher delayed stock page,ALIGNED,01:29 PM market time,DELAYED_CURRENT,41079674.0,97006496.0,Current quote uses Mubasher delayed stock page data; verify live price/spread in Thndr.,Review manually
2026-06-16T17:31:24.068652+00:00,AMIA.CA,General / Verified EGX Expansion,OK,Yahoo Finance history + Mubasher delayed current trading data,Mubasher delayed stock page,ALIGNED,01:26 PM market time,DELAYED_CURRENT,1228302.0,11365119.0,Current quote uses Mubasher delayed stock page data; verify live price/spread in Thndr.,Review manually
2026-06-16T17:31:24.068652+00:00,DAPH.CA,General / Verified EGX Expansion,OK,Yahoo Finance history + Mubasher delayed current trading data,Mubasher delayed stock page,ALIGNED,01:27 PM market time,DELAYED_CURRENT,144658.0,11660051.0,Current quote uses Mubasher delayed stock page data; verify live price/spread in Thndr.,Review manually
2026-06-16T17:31:24.068652+00:00,EEII.CA,General / Verified EGX Expansion,OK,Yahoo Finance history + Mubasher delayed current trading data,Mubasher delayed stock page,ALIGNED,01:28 PM market time,DELAYED_CURRENT,4485277.0,10812189.0,Current quote uses Mubasher delayed stock page data; verify live price/spread in Thndr.,Review manually
2026-06-16T17:31:24.068652+00:00,EHDR.CA,General / Verified EGX Expansion,OK,Yahoo Finance history + Mubasher delayed current trading data,Mubasher delayed stock page,ALIGNED,01:27 PM market time,DELAYED_CURRENT,12229061.0,33156784.0,Current quote uses Mubasher delayed stock page data; verify live price/spread in Thndr.,Review manually
2026-06-16T17:31:24.068652+00:00,GTWL.CA,General / Verified EGX Expansion,OK,Yahoo Finance history + Mubasher delayed current trading data,Mubasher delayed stock page,ALIGNED,01:29 PM market time,DELAYED_CURRENT,488893.0,24318050.0,Current quote uses Mubasher delayed stock page data; verify live price/spread in Thndr.,Review manually
2026-06-16T17:31:24.068652+00:00,NCCW.CA,General / Verified EGX Expansion,OK,Yahoo Finance history + Mubasher delayed current trading data,Mubasher delayed stock page,ALIGNED,01:29 PM market time,DELAYED_CURRENT,1874716.0,11852483.0,Current quote uses Mubasher delayed stock page data; verify live price/spread in Thndr.,Review manually
2026-06-16T17:31:24.068652+00:00,ELKA.CA,General / Verified EGX Expansion,OK,Yahoo Finance history + Mubasher delayed current trading data,Mubasher delayed stock page,ALIGNED,01:29 PM market time,DELAYED_CURRENT,44426700.0,57681700.0,Current quote uses Mubasher delayed stock page data; verify live price/spread in Thndr.,Review manually
2026-06-16T17:31:24.068652+00:00,ENGC.CA,General / Verified EGX Expansion,OK,Yahoo Finance history + Mubasher delayed current trading data,Mubasher delayed stock page,ALIGNED,01:29 PM market time,DELAYED_CURRENT,216897.0,7793410.0,Current quote uses Mubasher delayed stock page data; verify live price/spread in Thndr.,Review manually
2026-06-16T17:31:24.068652+00:00,ISMQ.CA,Basic Resources & Chemicals,OK,Yahoo Finance history + Mubasher delayed current trading data,Mubasher delayed stock page,ALIGNED,01:29 PM market time,DELAYED_CURRENT,14443352.0,118668800.0,Current quote uses Mubasher delayed stock page data; verify live price/spread in Thndr.,Review manually
2026-06-16T17:31:24.068652+00:00,TMGH.CA,Real Estate,OK,Yahoo Finance history + Mubasher delayed current trading data,Mubasher delayed stock page,ALIGNED,01:29 PM market time,DELAYED_CURRENT,4947159.0,470194112.0,Current quote uses Mubasher delayed stock page data; verify live price/spread in Thndr.,Review manually
2026-06-16T17:31:24.068652+00:00,HELI.CA,Real Estate,OK,Yahoo Finance history + Mubasher delayed current trading data,Mubasher delayed stock page,ALIGNED,01:29 PM market time,DELAYED_CURRENT,19368737.0,124200224.0,Current quote uses Mubasher delayed stock page data; verify live price/spread in Thndr.,Review manually
2026-06-16T17:31:24.068652+00:00,EGTS.CA,Real Estate,OK,Yahoo Finance history + Mubasher delayed current trading data,Mubasher delayed stock page,ALIGNED,01:29 PM market time,DELAYED_CURRENT,3012260.0,53657752.0,Current quote uses Mubasher delayed stock page data; verify live price/spread in Thndr.,Review manually
2026-06-16T17:31:24.068652+00:00,ORWE.CA,Textiles,OK,Yahoo Finance history + Mubasher delayed current trading data,Mubasher delayed stock page,ALIGNED,01:29 PM market time,DELAYED_CURRENT,546571.0,12629147.0,Current quote uses Mubasher delayed stock page data; verify live price/spread in Thndr.,Review manually
2026-06-16T17:31:24.068652+00:00,ISPH.CA,Healthcare,OK,Yahoo Finance history + Mubasher delayed current trading data,Mubasher delayed stock page,ALIGNED,01:28 PM market time,DELAYED_CURRENT,3562059.0,43380076.0,Current quote uses Mubasher delayed stock page data; verify live price/spread in Thndr.,Review manually
2026-06-16T17:31:24.068652+00:00,COMI.CA,Banking & Financials,OK,Yahoo Finance history + Mubasher delayed current trading data,Mubasher delayed stock page,ALIGNED,01:29 PM market time,DELAYED_CURRENT,3577275.0,477917600.0,Current quote uses Mubasher delayed stock page data; verify live price/spread in Thndr.,Review manually
2026-06-16T17:31:24.068652+00:00,PRCL.CA,Building Materials,OK,Yahoo Finance history + Mubasher delayed current trading data,Mubasher delayed stock page,ALIGNED,01:28 PM market time,DELAYED_CURRENT,923298.0,23020428.0,Current quote uses Mubasher delayed stock page data; verify live price/spread in Thndr.,Review manually
2026-06-16T17:31:24.068652+00:00,COPR.CA,General / Verified EGX Expansion,OK,Yahoo Finance history + Mubasher delayed current trading data,Mubasher delayed stock page,ALIGNED,01:29 PM market time,DELAYED_CURRENT,116523259.0,42797720.0,Current quote uses Mubasher delayed stock page data; verify live price/spread in Thndr.,Review manually
2026-06-16T17:31:24.068652+00:00,AREH.CA,General / Verified EGX Expansion,OK,Yahoo Finance history + Mubasher delayed current trading data,Mubasher delayed stock page,ALIGNED,01:28 PM market time,DELAYED_CURRENT,16605896.0,26616764.0,Current quote uses Mubasher delayed stock page data; verify live price/spread in Thndr.,Review manually
2026-06-16T17:31:24.068652+00:00,ASCM.CA,General / Verified EGX Expansion,OK,Yahoo Finance history + Mubasher delayed current trading data,Mubasher delayed stock page,ALIGNED,01:29 PM market time,DELAYED_CURRENT,712974.0,42630948.0,Current quote uses Mubasher delayed stock page data; verify live price/spread in Thndr.,Review manually
2026-06-16T17:31:24.068652+00:00,ETRS.CA,General / Verified EGX Expansion,OK,Yahoo Finance history + Mubasher delayed current trading data,Mubasher delayed stock page,ALIGNED,01:27 PM market time,DELAYED_CURRENT,3217625.0,32199086.0,Current quote uses Mubasher delayed stock page data; verify live price/spread in Thndr.,Review manually
2026-06-16T17:31:24.068652+00:00,ATQA.CA,Basic Resources & Chemicals,OK,Yahoo Finance history + Mubasher delayed current trading data,Mubasher delayed stock page,ALIGNED,01:29 PM market time,DELAYED_CURRENT,6370487.0,61983880.0,Current quote uses Mubasher delayed stock page data; verify live price/spread in Thndr.,Review manually
2026-06-16T17:31:24.068652+00:00,DSCW.CA,General / Verified EGX Expansion,OK,Yahoo Finance history + Mubasher delayed current trading data,Mubasher delayed stock page,ALIGNED,01:29 PM market time,DELAYED_CURRENT,35152897.0,64761540.0,Current quote uses Mubasher delayed stock page data; verify live price/spread in Thndr.,Review manually
2026-06-16T17:31:24.068652+00:00,EFID.CA,"Food, Beverages & Tobacco",OK,Yahoo Finance history + Mubasher delayed current trading data,Mubasher delayed stock page,ALIGNED,01:27 PM market time,DELAYED_CURRENT,1161419.0,32954906.0,Current quote uses Mubasher delayed stock page data; verify live price/spread in Thndr.,Review manually
2026-06-16T17:31:24.068652+00:00,POUL.CA,"Food, Beverages & Tobacco",OK,Yahoo Finance history + Mubasher delayed current trading data,Mubasher delayed stock page,ALIGNED,01:28 PM market time,DELAYED_CURRENT,817371.0,29897370.0,Current quote uses Mubasher delayed stock page data; verify live price/spread in Thndr.,Review manually
2026-06-16T17:31:24.068652+00:00,EXPA.CA,Banking & Financials,OK,Yahoo Finance history + Mubasher delayed current trading data,Mubasher delayed stock page,ALIGNED,01:27 PM market time,DELAYED_CURRENT,1467220.0,27287542.0,Current quote uses Mubasher delayed stock page data; verify live price/spread in Thndr.,Review manually
2026-06-16T17:31:24.068652+00:00,ARVA.CA,General / Verified EGX Expansion,OK,Yahoo Finance history + Mubasher delayed current trading data,Mubasher delayed stock page,ALIGNED,01:28 PM market time,DELAYED_CURRENT,3801122.0,43454692.0,Current quote uses Mubasher delayed stock page data; verify live price/spread in Thndr.,Review manually
2026-06-16T17:31:24.068652+00:00,MPRC.CA,General / Verified EGX Expansion,OK,Yahoo Finance history + Mubasher delayed current trading data,Mubasher delayed stock page,ALIGNED,01:27 PM market time,DELAYED_CURRENT,406937.0,13081691.0,Current quote uses Mubasher delayed stock page data; verify live price/spread in Thndr.,Review manually
2026-06-16T17:31:24.068652+00:00,IDRE.CA,General / Verified EGX Expansion,OK,Yahoo Finance history + Mubasher delayed current trading data,Mubasher delayed stock page,ALIGNED,01:29 PM market time,DELAYED_CURRENT,278363.0,12220608.0,Current quote uses Mubasher delayed stock page data; verify live price/spread in Thndr.,Review manually
2026-06-16T17:31:24.068652+00:00,MILS.CA,General / Verified EGX Expansion,OK,Yahoo Finance history + Mubasher delayed current trading data,Mubasher delayed stock page,ALIGNED,01:14 PM market time,DELAYED_CURRENT,94799.0,13534356.0,Current quote uses Mubasher delayed stock page data; verify live price/spread in Thndr.,Review manually
2026-06-16T17:31:24.068652+00:00,SPMD.CA,General / Verified EGX Expansion,OK,Yahoo Finance history + Mubasher delayed current trading data,Mubasher delayed stock page,ALIGNED,01:27 PM market time,DELAYED_CURRENT,32641691.0,13527026.0,Current quote uses Mubasher delayed stock page data; verify live price/spread in Thndr.,Review manually
2026-06-16T17:31:24.068652+00:00,SVCE.CA,General / Verified EGX Expansion,OK,Yahoo Finance history + Mubasher delayed current trading data,Mubasher delayed stock page,ALIGNED,01:29 PM market time,DELAYED_CURRENT,9371974.0,85696032.0,Current quote uses Mubasher delayed stock page data; verify live price/spread in Thndr.,Review manually
2026-06-16T17:31:24.068652+00:00,OBRI.CA,General / Verified EGX Expansion,OK,Yahoo Finance history + Mubasher delayed current trading data,Mubasher delayed stock page,ALIGNED,01:25 PM market time,DELAYED_CURRENT,239542.0,8703589.0,Current quote uses Mubasher delayed stock page data; verify live price/spread in Thndr.,Review manually
2026-06-16T17:31:24.068652+00:00,KWIN.CA,General / Verified EGX Expansion,OK,Yahoo Finance history + Mubasher delayed current trading data,Mubasher delayed stock page,ALIGNED,01:27 PM market time,DELAYED_CURRENT,72700.0,5380090.5,Current quote uses Mubasher delayed stock page data; verify live price/spread in Thndr.,Review manually
2026-06-16T17:31:24.068652+00:00,BINV.CA,Investment Holding,OK,Yahoo Finance history + Mubasher delayed current trading data,Mubasher delayed stock page,ALIGNED,01:29 PM market time,DELAYED_CURRENT,186559.0,8749171.0,Current quote uses Mubasher delayed stock page data; verify live price/spread in Thndr.,Review manually
2026-06-16T17:31:24.068652+00:00,RMDA.CA,Healthcare,OK,Yahoo Finance history + Mubasher delayed current trading data,Mubasher delayed stock page,ALIGNED,01:25 PM market time,DELAYED_CURRENT,2698500.0,13790117.0,Current quote uses Mubasher delayed stock page data; verify live price/spread in Thndr.,Review manually
2026-06-16T17:31:24.068652+00:00,NIPH.CA,Healthcare,OK,Yahoo Finance history + Mubasher delayed current trading data,Mubasher delayed stock page,ALIGNED,01:28 PM market time,DELAYED_CURRENT,316981.0,51026428.0,Current quote uses Mubasher delayed stock page data; verify live price/spread in Thndr.,Review manually
2026-06-16T17:31:24.068652+00:00,ADCI.CA,General / Verified EGX Expansion,OK,Yahoo Finance history + Mubasher delayed current trading data,Mubasher delayed stock page,ALIGNED,01:25 PM market time,DELAYED_CURRENT,39011.0,8786436.0,Current quote uses Mubasher delayed stock page data; verify live price/spread in Thndr.,Review manually
2026-06-16T17:31:24.068652+00:00,ECAP.CA,General / Verified EGX Expansion,OK,Yahoo Finance history + Mubasher delayed current trading data,Mubasher delayed stock page,ALIGNED,01:25 PM market time,DELAYED_CURRENT,274400.0,8863962.0,Current quote uses Mubasher delayed stock page data; verify live price/spread in Thndr.,Review manually
2026-06-16T17:31:24.068652+00:00,CLHO.CA,Healthcare,OK,Yahoo Finance history + Mubasher delayed current trading data,Mubasher delayed stock page,ALIGNED,01:29 PM market time,DELAYED_CURRENT,499836.0,7752118.5,Current quote uses Mubasher delayed stock page data; verify live price/spread in Thndr.,Review manually
2026-06-16T17:31:24.068652+00:00,ARCC.CA,Building Materials,OK,Yahoo Finance history + Mubasher delayed current trading data,Mubasher delayed stock page,ALIGNED,01:29 PM market time,DELAYED_CURRENT,440079.0,24711996.0,Current quote uses Mubasher delayed stock page data; verify live price/spread in Thndr.,Review manually
2026-06-16T17:31:24.068652+00:00,SCEM.CA,Building Materials,OK,Yahoo Finance history + Mubasher delayed current trading data,Mubasher delayed stock page,ALIGNED,01:28 PM market time,DELAYED_CURRENT,331112.0,20510872.0,Current quote uses Mubasher delayed stock page data; verify live price/spread in Thndr.,Review manually
2026-06-16T17:31:24.068652+00:00,MICH.CA,General / Verified EGX Expansion,OK,Yahoo Finance history + Mubasher delayed current trading data,Mubasher delayed stock page,ALIGNED,01:27 PM market time,DELAYED_CURRENT,190059.0,7130593.5,Current quote uses Mubasher delayed stock page data; verify live price/spread in Thndr.,Review manually
2026-06-16T17:31:24.068652+00:00,MCRO.CA,General / Verified EGX Expansion,OK,Yahoo Finance history + Mubasher delayed current trading data,Mubasher delayed stock page,ALIGNED,01:29 PM market time,DELAYED_CURRENT,37499679.0,46735188.0,Current quote uses Mubasher delayed stock page data; verify live price/spread in Thndr.,Review manually
2026-06-16T17:31:24.068652+00:00,ATLC.CA,Non-bank Financial Services,OK,Yahoo Finance history + Mubasher delayed current trading data,Mubasher delayed stock page,ALIGNED,01:25 PM market time,DELAYED_CURRENT,1051257.0,5419133.0,Current quote uses Mubasher delayed stock page data; verify live price/spread in Thndr.,Review manually
2026-06-16T17:31:24.068652+00:00,MOED.CA,General / Verified EGX Expansion,OK,Yahoo Finance history + Mubasher delayed current trading data,Mubasher delayed stock page,ALIGNED,01:28 PM market time,DELAYED_CURRENT,24080456.0,17155652.0,Current quote uses Mubasher delayed stock page data; verify live price/spread in Thndr.,Review manually
2026-06-16T17:31:24.068652+00:00,CCAP.CA,Investment Holding,OK,Yahoo Finance history + Mubasher delayed current trading data,Mubasher delayed stock page,ALIGNED,01:29 PM market time,DELAYED_CURRENT,143611803.0,730365760.0,Current quote uses Mubasher delayed stock page data; verify live price/spread in Thndr.,Review manually
2026-06-16T17:31:24.068652+00:00,OCDI.CA,Real Estate,OK,Yahoo Finance history + Mubasher delayed current trading data,Mubasher delayed stock page,ALIGNED,01:29 PM market time,DELAYED_CURRENT,706790.0,14683069.0,Current quote uses Mubasher delayed stock page data; verify live price/spread in Thndr.,Review manually
2026-06-16T17:31:24.068652+00:00,CIEB.CA,Banking & Financials,OK,Yahoo Finance history + Mubasher delayed current trading data,Mubasher delayed stock page,ALIGNED,01:25 PM market time,DELAYED_CURRENT,378206.0,8949406.0,Current quote uses Mubasher delayed stock page data; verify live price/spread in Thndr.,Review manually
2026-06-16T17:31:24.068652+00:00,MHOT.CA,Tourism & Leisure,OK,Yahoo Finance history + Mubasher delayed current trading data,Mubasher delayed stock page,ALIGNED,01:27 PM market time,DELAYED_CURRENT,281563.0,8494898.0,Current quote uses Mubasher delayed stock page data; verify live price/spread in Thndr.,Review manually
2026-06-16T17:31:24.068652+00:00,EGCH.CA,Basic Resources & Chemicals,OK,Yahoo Finance history + Mubasher delayed current trading data,Mubasher delayed stock page,ALIGNED,01:29 PM market time,DELAYED_CURRENT,3659089.0,49680136.0,Current quote uses Mubasher delayed stock page data; verify live price/spread in Thndr.,Review manually
2026-06-16T17:31:24.068652+00:00,SDTI.CA,General / Verified EGX Expansion,OK,Yahoo Finance history + Mubasher delayed current trading data,Mubasher delayed stock page,ALIGNED,01:26 PM market time,DELAYED_CURRENT,77143.0,3627903.5,Current quote uses Mubasher delayed stock page data; verify live price/spread in Thndr.,Review manually
2026-06-16T17:31:24.068652+00:00,AFDI.CA,General / Verified EGX Expansion,OK,Yahoo Finance history + Mubasher delayed current trading data,Mubasher delayed stock page,ALIGNED,01:25 PM market time,DELAYED_CURRENT,130834.0,5577093.5,Current quote uses Mubasher delayed stock page data; verify live price/spread in Thndr.,Review manually
2026-06-16T17:31:24.068652+00:00,IRON.CA,Basic Resources & Chemicals,OK,Yahoo Finance history + Mubasher delayed current trading data,Mubasher delayed stock page,ALIGNED,01:29 PM market time,DELAYED_CURRENT,365112.0,12031044.0,Current quote uses Mubasher delayed stock page data; verify live price/spread in Thndr.,Review manually
2026-06-16T17:31:24.068652+00:00,SIPC.CA,General / Verified EGX Expansion,OK,Yahoo Finance history + Mubasher delayed current trading data,Mubasher delayed stock page,ALIGNED,01:25 PM market time,DELAYED_CURRENT,4381732.0,15147809.0,Current quote uses Mubasher delayed stock page data; verify live price/spread in Thndr.,Review manually
2026-06-16T17:31:24.068652+00:00,MEPA.CA,General / Verified EGX Expansion,OK,Yahoo Finance history + Mubasher delayed current trading data,Mubasher delayed stock page,ALIGNED,01:29 PM market time,DELAYED_CURRENT,4326752.0,7354719.0,Current quote uses Mubasher delayed stock page data; verify live price/spread in Thndr.,Review manually
2026-06-16T17:31:24.068652+00:00,ELEC.CA,Industrial Goods & Cables,OK,Yahoo Finance history + Mubasher delayed current trading data,Mubasher delayed stock page,ALIGNED,01:29 PM market time,DELAYED_CURRENT,8354081.0,17847852.0,Current quote uses Mubasher delayed stock page data; verify live price/spread in Thndr.,Review manually
2026-06-16T17:31:24.068652+00:00,ADPC.CA,General / Verified EGX Expansion,OK,Yahoo Finance history + Mubasher delayed current trading data,Mubasher delayed stock page,ALIGNED,01:26 PM market time,DELAYED_CURRENT,3068644.0,11051233.0,Current quote uses Mubasher delayed stock page data; verify live price/spread in Thndr.,Review manually
2026-06-16T17:31:24.068652+00:00,TALM.CA,Education,OK,Yahoo Finance history + Mubasher delayed current trading data,Mubasher delayed stock page,ALIGNED,01:28 PM market time,DELAYED_CURRENT,440567.0,7230980.5,Current quote uses Mubasher delayed stock page data; verify live price/spread in Thndr.,Review manually
2026-06-16T17:31:24.068652+00:00,PHAR.CA,Healthcare,OK,Yahoo Finance history + Mubasher delayed current trading data,Mubasher delayed stock page,ALIGNED,01:28 PM market time,DELAYED_CURRENT,153689.0,12886327.0,Current quote uses Mubasher delayed stock page data; verify live price/spread in Thndr.,Review manually
2026-06-16T17:31:24.068652+00:00,CIRA.CA,Education,OK,Yahoo Finance history + Mubasher delayed current trading data,Mubasher delayed stock page,ALIGNED,01:25 PM market time,DELAYED_CURRENT,230623.0,6069629.5,Current quote uses Mubasher delayed stock page data; verify live price/spread in Thndr.,Review manually
2026-06-16T17:31:24.068652+00:00,UNIT.CA,Real Estate,OK,Yahoo Finance history + Mubasher delayed current trading data,Mubasher delayed stock page,ALIGNED,01:10 PM market time,DELAYED_CURRENT,185208.0,2527978.25,Current quote uses Mubasher delayed stock page data; verify live price/spread in Thndr.,Review manually
2026-06-16T17:31:24.068652+00:00,OFH.CA,General / Verified EGX Expansion,OK,Yahoo Finance history + Mubasher delayed current trading data,Mubasher delayed stock page,ALIGNED,01:25 PM market time,DELAYED_CURRENT,14779160.0,9125713.0,Current quote uses Mubasher delayed stock page data; verify live price/spread in Thndr.,Review manually
2026-06-16T17:31:24.068652+00:00,RTVC.CA,General / Verified EGX Expansion,OK,Yahoo Finance history + Mubasher delayed current trading data,Mubasher delayed stock page,ALIGNED,01:29 PM market time,DELAYED_CURRENT,1766369.0,6832529.5,Current quote uses Mubasher delayed stock page data; verify live price/spread in Thndr.,Review manually
2026-06-16T17:31:24.068652+00:00,EOSB.CA,General / Verified EGX Expansion,OK,Yahoo Finance,Yahoo Finance,,2026-06-14T21:00:00+00:00,FRESH,74816.0,110727.68,,No action
2026-06-16T17:31:24.068652+00:00,ICID.CA,General / Verified EGX Expansion,OK,Yahoo Finance history + Mubasher delayed current trading data,Mubasher delayed stock page,ALIGNED,01:14 PM market time,DELAYED_CURRENT,720959.0,5093559.0,Current quote uses Mubasher delayed stock page data; verify live price/spread in Thndr.,Review manually
2026-06-16T17:31:24.068652+00:00,KABO.CA,Textiles,OK,Yahoo Finance history + Mubasher delayed current trading data,Mubasher delayed stock page,ALIGNED,01:14 PM market time,DELAYED_CURRENT,1058692.0,6555883.0,Current quote uses Mubasher delayed stock page data; verify live price/spread in Thndr.,Review manually
2026-06-16T17:31:24.068652+00:00,EFIH.CA,Fintech & Payments,OK,Yahoo Finance history + Mubasher delayed current trading data,Mubasher delayed stock page,ALIGNED,01:25 PM market time,DELAYED_CURRENT,1308796.0,27682922.0,Current quote uses Mubasher delayed stock page data; verify live price/spread in Thndr.,Review manually
2026-06-16T17:31:24.068652+00:00,ALUM.CA,General / Verified EGX Expansion,OK,Yahoo Finance history + Mubasher delayed current trading data,Mubasher delayed stock page,ALIGNED,01:28 PM market time,DELAYED_CURRENT,245149.0,5703352.0,Current quote uses Mubasher delayed stock page data; verify live price/spread in Thndr.,Review manually
2026-06-16T17:31:24.068652+00:00,ELWA.CA,General / Verified EGX Expansion,OK,Yahoo Finance history + Mubasher delayed current trading data,Mubasher delayed stock page,ALIGNED,01:14 PM market time,DELAYED_CURRENT,767980.0,1581159.63,Current quote uses Mubasher delayed stock page data; verify live price/spread in Thndr.,Review manually
2026-06-16T17:31:24.068652+00:00,MENA.CA,Real Estate,OK,Yahoo Finance history + Mubasher delayed current trading data,Mubasher delayed stock page,ALIGNED,01:27 PM market time,DELAYED_CURRENT,279631.0,1884489.38,Current quote uses Mubasher delayed stock page data; verify live price/spread in Thndr.,Review manually
2026-06-16T17:31:24.068652+00:00,EGAS.CA,Energy & Petrochemicals,OK,Yahoo Finance history + Mubasher delayed current trading data,Mubasher delayed stock page,ALIGNED,01:25 PM market time,DELAYED_CURRENT,73334.0,3796864.25,Current quote uses Mubasher delayed stock page data; verify live price/spread in Thndr.,Review manually
2026-06-16T17:31:24.068652+00:00,SNFC.CA,General / Verified EGX Expansion,OK,Yahoo Finance history + Mubasher delayed current trading data,Mubasher delayed stock page,ALIGNED,01:14 PM market time,DELAYED_CURRENT,428142.0,5251659.5,Current quote uses Mubasher delayed stock page data; verify live price/spread in Thndr.,Review manually
2026-06-16T17:31:24.068652+00:00,GGCC.CA,General / Verified EGX Expansion,OK,Yahoo Finance history + Mubasher delayed current trading data,Mubasher delayed stock page,ALIGNED,01:25 PM market time,DELAYED_CURRENT,14977371.0,6167590.5,Current quote uses Mubasher delayed stock page data; verify live price/spread in Thndr.,Review manually
2026-06-16T17:31:24.068652+00:00,MBSC.CA,Building Materials,OK,Yahoo Finance history + Mubasher delayed current trading data,Mubasher delayed stock page,ALIGNED,01:29 PM market time,DELAYED_CURRENT,142152.0,35958352.0,StockAnalysis fallback is quote-only and has no volume/history; BUY must remain blocked unless another source provides liquidity.; Current quote uses Mubasher delayed stock page data; verify live price/spread in Thndr.,Review manually
2026-06-16T17:31:24.068652+00:00,BTFH.CA,Non-bank Financial Services,OK,Yahoo Finance history + Mubasher delayed current trading data,Mubasher delayed stock page,ALIGNED,01:28 PM market time,DELAYED_CURRENT,42964820.0,129468776.0,Current quote uses Mubasher delayed stock page data; verify live price/spread in Thndr.,Review manually
2026-06-16T17:31:24.068652+00:00,CSAG.CA,Transportation & Logistics,OK,Yahoo Finance history + Mubasher delayed current trading data,Mubasher delayed stock page,ALIGNED,01:26 PM market time,DELAYED_CURRENT,188456.0,5899817.0,Current quote uses Mubasher delayed stock page data; verify live price/spread in Thndr.,Review manually
2026-06-16T17:31:24.068652+00:00,SWDY.CA,Industrial Goods & Cables,OK,Yahoo Finance history + Mubasher delayed current trading data,Mubasher delayed stock page,ALIGNED,01:25 PM market time,DELAYED_CURRENT,62963.0,5432740.0,Current quote uses Mubasher delayed stock page data; verify live price/spread in Thndr.,Review manually
2026-06-16T17:31:24.068652+00:00,EALR.CA,General / Verified EGX Expansion,OK,Yahoo Finance history + Mubasher delayed current trading data,Mubasher delayed stock page,ALIGNED,01:12 PM market time,DELAYED_CURRENT,6985.0,2492238.5,Current quote uses Mubasher delayed stock page data; verify live price/spread in Thndr.,Review manually
2026-06-16T17:31:24.068652+00:00,SKPC.CA,Basic Resources & Chemicals,OK,Yahoo Finance history + Mubasher delayed current trading data,Mubasher delayed stock page,ALIGNED,01:28 PM market time,DELAYED_CURRENT,1305664.0,21241136.0,Current quote uses Mubasher delayed stock page data; verify live price/spread in Thndr.,Review manually
2026-06-16T17:31:24.068652+00:00,FAITA.CA,Banking & Financials,OK,Yahoo Finance history + Mubasher delayed current trading data,Mubasher delayed stock page,ALIGNED,01:25 PM market time,DELAYED_CURRENT,42227.0,41900.47,Current quote uses Mubasher delayed stock page data; verify live price/spread in Thndr.,Review manually
2026-06-16T17:31:24.068652+00:00,AALR.CA,General / Verified EGX Expansion,OK,Yahoo Finance history + Mubasher delayed current trading data,Mubasher delayed stock page,ALIGNED,01:26 PM market time,DELAYED_CURRENT,10871.0,2242050.25,Current quote uses Mubasher delayed stock page data; verify live price/spread in Thndr.,Review manually
2026-06-16T17:31:24.068652+00:00,GIHD.CA,General / Verified EGX Expansion,OK,Yahoo Finance history + Mubasher delayed current trading data,Mubasher delayed stock page,ALIGNED,01:13 PM market time,DELAYED_CURRENT,50622.0,2120084.5,Current quote uses Mubasher delayed stock page data; verify live price/spread in Thndr.,Review manually
2026-06-16T17:31:24.068652+00:00,EBSC.CA,General / Verified EGX Expansion,OK,Yahoo Finance history + Mubasher delayed current trading data,Mubasher delayed stock page,ALIGNED,01:27 PM market time,DELAYED_CURRENT,1029276.0,1955043.75,Current quote uses Mubasher delayed stock page data; verify live price/spread in Thndr.,Review manually
2026-06-16T17:31:24.068652+00:00,ALCN.CA,Transportation & Logistics,OK,Yahoo Finance history + Mubasher delayed current trading data,Mubasher delayed stock page,ALIGNED,01:29 PM market time,DELAYED_CURRENT,271819.0,7776548.0,Current quote uses Mubasher delayed stock page data; verify live price/spread in Thndr.,Review manually
2026-06-16T17:31:24.068652+00:00,KZPC.CA,General / Verified EGX Expansion,OK,Yahoo Finance history + Mubasher delayed current trading data,Mubasher delayed stock page,ALIGNED,01:25 PM market time,DELAYED_CURRENT,170599.0,1805195.63,Current quote uses Mubasher delayed stock page data; verify live price/spread in Thndr.,Review manually
2026-06-16T17:31:24.068652+00:00,ACGC.CA,Textiles,OK,Yahoo Finance history + Mubasher delayed current trading data,Mubasher delayed stock page,ALIGNED,01:29 PM market time,DELAYED_CURRENT,986839.0,9285703.0,Current quote uses Mubasher delayed stock page data; verify live price/spread in Thndr.,Review manually
2026-06-16T17:31:24.068652+00:00,RAYA.CA,Technology & Distribution,OK,Yahoo Finance history + Mubasher delayed current trading data,Mubasher delayed stock page,ALIGNED,01:29 PM market time,DELAYED_CURRENT,12634260.0,88249224.0,Current quote uses Mubasher delayed stock page data; verify live price/spread in Thndr.,Review manually
2026-06-16T17:31:24.068652+00:00,SEIG.CA,General / Verified EGX Expansion,OK,Yahoo Finance history + Mubasher delayed current trading data,Mubasher delayed stock page,ALIGNED,01:29 PM market time,DELAYED_CURRENT,8640.0,1580838.75,Current quote uses Mubasher delayed stock page data; verify live price/spread in Thndr.,Review manually
2026-06-16T17:31:24.068652+00:00,EDFM.CA,General / Verified EGX Expansion,OK,Yahoo Finance history + Mubasher delayed current trading data,Mubasher delayed stock page,ALIGNED,01:11 PM market time,DELAYED_CURRENT,3785.0,1270632.88,Current quote uses Mubasher delayed stock page data; verify live price/spread in Thndr.,Review manually
2026-06-16T17:31:24.068652+00:00,GMCI.CA,General / Verified EGX Expansion,OK,Yahoo Finance history + Mubasher delayed current trading data,Mubasher delayed stock page,ALIGNED,01:07 PM market time,DELAYED_CURRENT,310898.0,555000.06,Current quote uses Mubasher delayed stock page data; verify live price/spread in Thndr.,Review manually
2026-06-16T17:31:24.068652+00:00,MIPH.CA,Healthcare,OK,Yahoo Finance history + Mubasher delayed current trading data,Mubasher delayed stock page,ALIGNED,01:09 PM market time,DELAYED_CURRENT,2709.0,1802889.13,Current quote uses Mubasher delayed stock page data; verify live price/spread in Thndr.,Review manually
2026-06-16T17:31:24.068652+00:00,BIOC.CA,General / Verified EGX Expansion,OK,Yahoo Finance history + Mubasher delayed current trading data,Mubasher delayed stock page,ALIGNED,01:29 PM market time,DELAYED_CURRENT,39903.0,2849739.5,Current quote uses Mubasher delayed stock page data; verify live price/spread in Thndr.,Review manually
2026-06-16T17:31:24.068652+00:00,SAUD.CA,Banking & Financials,OK,Yahoo Finance history + Mubasher delayed current trading data,Mubasher delayed stock page,ALIGNED,01:14 PM market time,DELAYED_CURRENT,245010.0,5365095.5,Current quote uses Mubasher delayed stock page data; verify live price/spread in Thndr.,Review manually
2026-06-16T17:31:24.068652+00:00,CNFN.CA,Non-bank Financial Services,OK,Yahoo Finance history + Mubasher delayed current trading data,Mubasher delayed stock page,ALIGNED,01:28 PM market time,DELAYED_CURRENT,1676362.0,7421893.5,Current quote uses Mubasher delayed stock page data; verify live price/spread in Thndr.,Review manually
2026-06-16T17:31:24.068652+00:00,SUGR.CA,"Food, Beverages & Tobacco",OK,Yahoo Finance history + Mubasher delayed current trading data,Mubasher delayed stock page,ALIGNED,01:14 PM market time,DELAYED_CURRENT,63373.0,3080752.75,Current quote uses Mubasher delayed stock page data; verify live price/spread in Thndr.,Review manually
2026-06-16T17:31:24.068652+00:00,NEDA.CA,General / Verified EGX Expansion,OK,Yahoo Finance history + Mubasher delayed current trading data,Mubasher delayed stock page,ALIGNED,01:29 PM market time,DELAYED_CURRENT,135160.0,379562.5,Current quote uses Mubasher delayed stock page data; verify live price/spread in Thndr.,Review manually
2026-06-16T17:31:24.068652+00:00,RUBX.CA,General / Verified EGX Expansion,OK,Yahoo Finance history + Mubasher delayed current trading data,Mubasher delayed stock page,ALIGNED,01:28 PM market time,DELAYED_CURRENT,626090.0,6278243.0,Current quote uses Mubasher delayed stock page data; verify live price/spread in Thndr.,Review manually
2026-06-16T17:31:24.068652+00:00,CERA.CA,General / Verified EGX Expansion,OK,Yahoo Finance history + Mubasher delayed current trading data,Mubasher delayed stock page,UNALIGNED_BLOCKED,01:29 PM market time,DELAYED_CURRENT_UNALIGNED,63324912.0,79653624.0,Current quote uses Mubasher delayed stock page data; verify live price/spread in Thndr.; Mubasher current price differs materially from Yahoo history; historical indicators/support/resistance are blocked until the symbol mapping/history is verified.,Review manually
2026-06-16T17:31:24.068652+00:00,EASB.CA,General / Verified EGX Expansion,OK,Yahoo Finance history + Mubasher delayed current trading data,Mubasher delayed stock page,UNALIGNED_BLOCKED,01:25 PM market time,DELAYED_CURRENT_UNALIGNED,4223877.0,29375708.0,Current quote uses Mubasher delayed stock page data; verify live price/spread in Thndr.; Mubasher current price differs materially from Yahoo history; historical indicators/support/resistance are blocked until the symbol mapping/history is verified.,Review manually
2026-06-16T17:31:24.068652+00:00,UNIP.CA,General / Verified EGX Expansion,OK,Yahoo Finance history + Mubasher delayed current trading data,Mubasher delayed stock page,UNALIGNED_BLOCKED,01:26 PM market time,DELAYED_CURRENT_UNALIGNED,232793776.0,79503496.0,Current quote uses Mubasher delayed stock page data; verify live price/spread in Thndr.; Mubasher current price differs materially from Yahoo history; historical indicators/support/resistance are blocked until the symbol mapping/history is verified.,Review manually
2026-06-16T17:31:24.068652+00:00,ZEOT.CA,General / Verified EGX Expansion,OK,Yahoo Finance history + Mubasher delayed current trading data,Mubasher delayed stock page,UNALIGNED_BLOCKED,01:29 PM market time,DELAYED_CURRENT_UNALIGNED,18582643.0,197242000.0,Current quote uses Mubasher delayed stock page data; verify live price/spread in Thndr.; Mubasher current price differs materially from Yahoo history; historical indicators/support/resistance are blocked until the symbol mapping/history is verified.,Review manually
2026-06-16T17:31:24.068652+00:00,CEFM.CA,General / Verified EGX Expansion,OK,Yahoo Finance history + Mubasher delayed current trading data,Mubasher delayed stock page,ALIGNED,01:25 PM market time,DELAYED_CURRENT,17616.0,1844887.88,Current quote uses Mubasher delayed stock page data; verify live price/spread in Thndr.,Review manually
2026-06-16T17:31:24.068652+00:00,NINH.CA,General / Verified EGX Expansion,OK,Yahoo Finance history + Mubasher delayed current trading data,Mubasher delayed stock page,ALIGNED,01:14 PM market time,DELAYED_CURRENT,104564.0,1816454.25,Current quote uses Mubasher delayed stock page data; verify live price/spread in Thndr.,Review manually
2026-06-16T17:31:24.068652+00:00,AXPH.CA,General / Verified EGX Expansion,OK,Yahoo Finance history + Mubasher delayed current trading data,Mubasher delayed stock page,ALIGNED,01:25 PM market time,DELAYED_CURRENT,1556.0,1725123.5,Current quote uses Mubasher delayed stock page data; verify live price/spread in Thndr.,Review manually
2026-06-16T17:31:24.068652+00:00,FAIT.CA,Banking & Financials,OK,Yahoo Finance history + Mubasher delayed current trading data,Mubasher delayed stock page,ALIGNED,01:13 PM market time,DELAYED_CURRENT,37158.0,1377505.0,Current quote uses Mubasher delayed stock page data; verify live price/spread in Thndr.,Review manually
2026-06-16T17:31:24.068652+00:00,CPCI.CA,General / Verified EGX Expansion,OK,Yahoo Finance history + Mubasher delayed current trading data,Mubasher delayed stock page,ALIGNED,01:27 PM market time,DELAYED_CURRENT,4289.0,1554902.13,Current quote uses Mubasher delayed stock page data; verify live price/spread in Thndr.,Review manually
2026-06-16T17:31:24.068652+00:00,AMOC.CA,Energy & Petrochemicals,OK,Yahoo Finance history + Mubasher delayed current trading data,Mubasher delayed stock page,ALIGNED,01:29 PM market time,DELAYED_CURRENT,4042362.0,31812788.0,Current quote uses Mubasher delayed stock page data; verify live price/spread in Thndr.,Review manually
2026-06-16T17:31:24.068652+00:00,EKHO.CA,Energy & Petrochemicals,OK,Yahoo Finance,Yahoo Finance,,2026-06-14T21:00:00+00:00,FRESH,0.0,0.0,Latest volume is missing or zero.,Review manually
2026-06-16T17:31:24.068652+00:00,ELNA.CA,General / Verified EGX Expansion,OK,Yahoo Finance history + Mubasher delayed current trading data,Mubasher delayed stock page,ALIGNED,01:12 PM market time,DELAYED_CURRENT,15010.0,578597.13,Current quote uses Mubasher delayed stock page data; verify live price/spread in Thndr.,Review manually
2026-06-16T17:31:24.068652+00:00,IFAP.CA,Agriculture & Food Production,OK,Yahoo Finance history + Mubasher delayed current trading data,Mubasher delayed stock page,ALIGNED,01:25 PM market time,DELAYED_CURRENT,140778.0,2734879.25,Current quote uses Mubasher delayed stock page data; verify live price/spread in Thndr.,Review manually
2026-06-16T17:31:24.068652+00:00,ETEL.CA,Telecommunications,OK,Yahoo Finance history + Mubasher delayed current trading data,Mubasher delayed stock page,ALIGNED,01:28 PM market time,DELAYED_CURRENT,793263.0,73687536.0,Current quote uses Mubasher delayed stock page data; verify live price/spread in Thndr.,Review manually
2026-06-16T17:31:24.068652+00:00,CAED.CA,General / Verified EGX Expansion,OK,Yahoo Finance history + Mubasher delayed current trading data,Mubasher delayed stock page,ALIGNED,01:14 PM market time,DELAYED_CURRENT,17673.0,1246551.63,Current quote uses Mubasher delayed stock page data; verify live price/spread in Thndr.,Review manually
2026-06-16T17:31:24.068652+00:00,PRDC.CA,Real Estate,OK,Yahoo Finance history + Mubasher delayed current trading data,Mubasher delayed stock page,UNALIGNED_BLOCKED,01:29 PM market time,DELAYED_CURRENT_UNALIGNED,25878850.0,195573600.0,Current quote uses Mubasher delayed stock page data; verify live price/spread in Thndr.; Mubasher current price differs materially from Yahoo history; historical indicators/support/resistance are blocked until the symbol mapping/history is verified.,Review manually
2026-06-16T17:31:24.068652+00:00,SMFR.CA,General / Verified EGX Expansion,OK,Yahoo Finance history + Mubasher delayed current trading data,Mubasher delayed stock page,ALIGNED,01:10 PM market time,DELAYED_CURRENT,4343.0,888619.44,Current quote uses Mubasher delayed stock page data; verify live price/spread in Thndr.,Review manually
2026-06-16T17:31:24.068652+00:00,AFMC.CA,General / Verified EGX Expansion,OK,Yahoo Finance history + Mubasher delayed current trading data,Mubasher delayed stock page,ALIGNED,01:12 PM market time,DELAYED_CURRENT,11660.0,833926.0,Current quote uses Mubasher delayed stock page data; verify live price/spread in Thndr.,Review manually
2026-06-16T17:31:24.068652+00:00,FWRY.CA,Fintech & Payments,OK,Yahoo Finance history + Mubasher delayed current trading data,Mubasher delayed stock page,ALIGNED,01:29 PM market time,DELAYED_CURRENT,11674583.0,219877104.0,Current quote uses Mubasher delayed stock page data; verify live price/spread in Thndr.,Review manually
2026-06-16T17:31:24.068652+00:00,OIH.CA,Investment Holding,OK,Yahoo Finance history + Mubasher delayed current trading data,Mubasher delayed stock page,ALIGNED,01:25 PM market time,DELAYED_CURRENT,10031487.0,13783203.0,Current quote uses Mubasher delayed stock page data; verify live price/spread in Thndr.,Review manually
2026-06-16T17:31:24.068652+00:00,LCSW.CA,Building Materials,OK,Yahoo Finance history + Mubasher delayed current trading data,Mubasher delayed stock page,ALIGNED,01:25 PM market time,DELAYED_CURRENT,239613.0,6496813.5,Current quote uses Mubasher delayed stock page data; verify live price/spread in Thndr.,Review manually
2026-06-16T17:31:24.068652+00:00,ABUK.CA,Basic Resources & Chemicals,OK,Yahoo Finance history + Mubasher delayed current trading data,Mubasher delayed stock page,ALIGNED,01:29 PM market time,DELAYED_CURRENT,2102567.0,151040992.0,Current quote uses Mubasher delayed stock page data; verify live price/spread in Thndr.,Review manually
2026-06-16T17:31:24.068652+00:00,EGAL.CA,Basic Resources & Chemicals,OK,Yahoo Finance history + Mubasher delayed current trading data,Mubasher delayed stock page,ALIGNED,01:29 PM market time,DELAYED_CURRENT,118398.0,35495908.0,Current quote uses Mubasher delayed stock page data; verify live price/spread in Thndr.,Review manually
2026-06-16T17:31:24.068652+00:00,MFPC.CA,Basic Resources & Chemicals,OK,Yahoo Finance history + Mubasher delayed current trading data,Mubasher delayed stock page,ALIGNED,01:29 PM market time,DELAYED_CURRENT,2285196.0,84989952.0,Current quote uses Mubasher delayed stock page data; verify live price/spread in Thndr.,Review manually
2026-06-16T17:31:24.068652+00:00,EGBE.CA,Banking & Financials,OK,Yahoo Finance history + Mubasher delayed current trading data,Mubasher delayed stock page,ALIGNED,01:14 PM market time,DELAYED_CURRENT,128236.0,56037.59,Current quote uses Mubasher delayed stock page data; verify live price/spread in Thndr.,Review manually
2026-06-16T17:31:24.068652+00:00,AJWA.CA,General / Verified EGX Expansion,OK,Yahoo Finance history + Mubasher delayed current trading data,Mubasher delayed stock page,UNALIGNED_BLOCKED,01:28 PM market time,DELAYED_CURRENT_UNALIGNED,326899.0,59275172.0,Current quote uses Mubasher delayed stock page data; verify live price/spread in Thndr.; Mubasher current price differs materially from Yahoo history; historical indicators/support/resistance are blocked until the symbol mapping/history is verified.,Review manually
2026-06-16T17:31:24.068652+00:00,EPPK.CA,General / Verified EGX Expansion,OK,Yahoo Finance history + Mubasher delayed current trading data,Mubasher delayed stock page,ALIGNED,01:14 PM market time,DELAYED_CURRENT,59388.0,723811.25,Current quote uses Mubasher delayed stock page data; verify live price/spread in Thndr.,Review manually
2026-06-16T17:31:24.068652+00:00,MOIL.CA,Energy & Petrochemicals,OK,Yahoo Finance history + Mubasher delayed current trading data,Mubasher delayed stock page,ALIGNED,01:29 PM market time,DELAYED_CURRENT,77283.0,36374.89,Current quote uses Mubasher delayed stock page data; verify live price/spread in Thndr.,Review manually
2026-06-16T17:31:24.068652+00:00,SCTS.CA,Education,OK,Yahoo Finance history + Mubasher delayed current trading data,Mubasher delayed stock page,ALIGNED,01:12 PM market time,DELAYED_CURRENT,6499.0,3854715.0,Current quote uses Mubasher delayed stock page data; verify live price/spread in Thndr.,Review manually
2026-06-16T17:31:24.068652+00:00,RACC.CA,General / Verified EGX Expansion,OK,Yahoo Finance history + Mubasher delayed current trading data,Mubasher delayed stock page,ALIGNED,01:26 PM market time,DELAYED_CURRENT,417281.0,4075798.5,Current quote uses Mubasher delayed stock page data; verify live price/spread in Thndr.,Review manually
2026-06-16T17:31:24.068652+00:00,SCFM.CA,General / Verified EGX Expansion,OK,Yahoo Finance history + Mubasher delayed current trading data,Mubasher delayed stock page,ALIGNED,01:26 PM market time,DELAYED_CURRENT,8165.0,2070150.25,Current quote uses Mubasher delayed stock page data; verify live price/spread in Thndr.,Review manually
2026-06-16T17:31:24.068652+00:00,AMER.CA,Real Estate,OK,Yahoo Finance history + Mubasher delayed current trading data,Mubasher delayed stock page,UNALIGNED_BLOCKED,01:29 PM market time,DELAYED_CURRENT_UNALIGNED,49695100.0,127204112.0,Current quote uses Mubasher delayed stock page data; verify live price/spread in Thndr.; Mubasher current price differs materially from Yahoo history; historical indicators/support/resistance are blocked until the symbol mapping/history is verified.,Review manually
2026-06-16T17:31:24.068652+00:00,WKOL.CA,General / Verified EGX Expansion,OK,Yahoo Finance history + Mubasher delayed current trading data,Mubasher delayed stock page,ALIGNED,01:14 PM market time,DELAYED_CURRENT,6948.0,2023771.25,Current quote uses Mubasher delayed stock page data; verify live price/spread in Thndr.,Review manually
2026-06-16T17:31:24.068652+00:00,NHPS.CA,General / Verified EGX Expansion,OK,Yahoo Finance history + Mubasher delayed current trading data,Mubasher delayed stock page,ALIGNED,01:29 PM market time,DELAYED_CURRENT,43310.0,2959701.5,Current quote uses Mubasher delayed stock page data; verify live price/spread in Thndr.,Review manually
2026-06-16T17:31:24.068652+00:00,MAAL.CA,General / Verified EGX Expansion,OK,Yahoo Finance history + Mubasher delayed current trading data,Mubasher delayed stock page,UNALIGNED_BLOCKED,01:29 PM market time,DELAYED_CURRENT_UNALIGNED,3763365.0,23033314.0,Current quote uses Mubasher delayed stock page data; verify live price/spread in Thndr.; Mubasher current price differs materially from Yahoo history; historical indicators/support/resistance are blocked until the symbol mapping/history is verified.,Review manually
2026-06-16T17:31:24.068652+00:00,GRCA.CA,General / Verified EGX Expansion,OK,Yahoo Finance history + Mubasher delayed current trading data,Mubasher delayed stock page,ALIGNED,01:29 PM market time,DELAYED_CURRENT,26734.0,1428881.75,Current quote uses Mubasher delayed stock page data; verify live price/spread in Thndr.,Review manually
2026-06-16T17:31:24.068652+00:00,DEIN.CA,General / Verified EGX Expansion,OK,Yahoo Finance,Yahoo Finance,,2026-06-14T21:00:00+00:00,FRESH,0.0,0.0,Latest volume is missing or zero.,Review manually
2026-06-16T17:31:24.068652+00:00,TRTO.CA,General / Verified EGX Expansion,OK,Yahoo Finance,Yahoo Finance,,2026-06-14T21:00:00+00:00,FRESH,1343.0,45.66,,No action
2026-06-16T17:31:24.068652+00:00,ELSH.CA,General / Verified EGX Expansion,OK,Yahoo Finance history + Mubasher delayed current trading data,Mubasher delayed stock page,UNALIGNED_BLOCKED,01:29 PM market time,DELAYED_CURRENT_UNALIGNED,18277477.0,249037072.0,Current quote uses Mubasher delayed stock page data; verify live price/spread in Thndr.; Mubasher current price differs materially from Yahoo history; historical indicators/support/resistance are blocked until the symbol mapping/history is verified.,Review manually
2026-06-16T17:31:24.068652+00:00,RAKT.CA,General / Verified EGX Expansion,OK,Yahoo Finance history + Mubasher delayed current trading data,Mubasher delayed stock page,ALIGNED,01:12 PM market time,DELAYED_CURRENT,22616.0,517743.66,Current quote uses Mubasher delayed stock page data; verify live price/spread in Thndr.,Review manually
2026-06-16T17:31:24.068652+00:00,MCQE.CA,Building Materials,OK,Yahoo Finance history + Mubasher delayed current trading data,Mubasher delayed stock page,ALIGNED,01:28 PM market time,DELAYED_CURRENT,34484.0,6128940.0,Current quote uses Mubasher delayed stock page data; verify live price/spread in Thndr.,Review manually
2026-06-16T17:31:24.068652+00:00,OCPH.CA,General / Verified EGX Expansion,OK,Yahoo Finance history + Mubasher delayed current trading data,Mubasher delayed stock page,ALIGNED,01:14 PM market time,DELAYED_CURRENT,6601.0,2273658.0,Current quote uses Mubasher delayed stock page data; verify live price/spread in Thndr.,Review manually
2026-06-16T17:31:24.068652+00:00,MFSC.CA,General / Verified EGX Expansion,OK,Yahoo Finance history + Mubasher delayed current trading data,Mubasher delayed stock page,ALIGNED,01:29 PM market time,DELAYED_CURRENT,47843.0,2136019.0,Current quote uses Mubasher delayed stock page data; verify live price/spread in Thndr.,Review manually
2026-06-16T17:31:24.068652+00:00,INFI.CA,General / Verified EGX Expansion,OK,Yahoo Finance history + Mubasher delayed current trading data,Mubasher delayed stock page,ALIGNED,01:29 PM market time,DELAYED_CURRENT,25955.0,2557484.25,Current quote uses Mubasher delayed stock page data; verify live price/spread in Thndr.,Review manually
2026-06-16T17:31:24.068652+00:00,UEFM.CA,General / Verified EGX Expansion,OK,Yahoo Finance history + Mubasher delayed current trading data,Mubasher delayed stock page,ALIGNED,01:13 PM market time,DELAYED_CURRENT,1003.0,473098.34,Current quote uses Mubasher delayed stock page data; verify live price/spread in Thndr.,Review manually
2026-06-16T17:31:24.068652+00:00,NAHO.CA,General / Verified EGX Expansion,OK,Yahoo Finance,Yahoo Finance,,2026-06-14T21:00:00+00:00,FRESH,326449.0,33624.25,,No action
2026-06-16T17:31:24.068652+00:00,ORAS.CA,Industrial Goods & Construction,OK,Yahoo Finance history + Mubasher delayed current trading data,Mubasher delayed stock page,UNALIGNED_BLOCKED,01:29 PM market time,DELAYED_CURRENT_UNALIGNED,203672.0,159794272.0,Current quote uses Mubasher delayed stock page data; verify live price/spread in Thndr.; Mubasher current price differs materially from Yahoo history; historical indicators/support/resistance are blocked until the symbol mapping/history is verified.,Review manually
2026-06-16T17:31:24.068652+00:00,MOIN.CA,General / Verified EGX Expansion,OK,Yahoo Finance history + Mubasher delayed current trading data,Mubasher delayed stock page,ALIGNED,01:08 PM market time,DELAYED_CURRENT,59497.0,1450905.63,Current quote uses Mubasher delayed stock page data; verify live price/spread in Thndr.,Review manually
2026-06-16T17:31:24.068652+00:00,AMES.CA,General / Verified EGX Expansion,OK,Yahoo Finance history + Mubasher delayed current trading data,Mubasher delayed stock page,ALIGNED,01:28 PM market time,DELAYED_CURRENT,8304.0,405761.78,Current quote uses Mubasher delayed stock page data; verify live price/spread in Thndr.,Review manually
2026-06-16T17:31:24.068652+00:00,EGSA.CA,Telecommunications,OK,Yahoo Finance history + Mubasher delayed current trading data,Mubasher delayed stock page,ALIGNED,01:12 PM market time,DELAYED_CURRENT,1470.0,12908.61,Current quote uses Mubasher delayed stock page data; verify live price/spread in Thndr.,Review manually
2026-06-16T17:31:24.068652+00:00,APSW.CA,General / Verified EGX Expansion,OK,Yahoo Finance history + Mubasher delayed current trading data,Mubasher delayed stock page,ALIGNED,01:01 PM market time,DELAYED_CURRENT,203512.0,1734798.5,Current quote uses Mubasher delayed stock page data; verify live price/spread in Thndr.,Review manually
2026-06-16T17:31:24.068652+00:00,FERC.CA,Basic Resources & Chemicals,OK,Yahoo Finance history + Mubasher delayed current trading data,Mubasher delayed stock page,ALIGNED,01:28 PM market time,DELAYED_CURRENT,57890.0,4375087.5,Current quote uses Mubasher delayed stock page data; verify live price/spread in Thndr.,Review manually
2026-06-16T17:31:24.068652+00:00,GSSC.CA,General / Verified EGX Expansion,OK,Yahoo Finance history + Mubasher delayed current trading data,Mubasher delayed stock page,ALIGNED,01:13 PM market time,DELAYED_CURRENT,6058.0,1499170.88,Current quote uses Mubasher delayed stock page data; verify live price/spread in Thndr.,Review manually
2026-06-16T17:31:24.068652+00:00,DOMT.CA,"Food, Beverages & Tobacco",OK,Yahoo Finance history + Mubasher delayed current trading data,Mubasher delayed stock page,ALIGNED,01:27 PM market time,DELAYED_CURRENT,26332.0,643355.75,Current quote uses Mubasher delayed stock page data; verify live price/spread in Thndr.,Review manually
2026-06-16T17:31:24.068652+00:00,DTPP.CA,General / Verified EGX Expansion,OK,Yahoo Finance history + Mubasher delayed current trading data,Mubasher delayed stock page,ALIGNED,01:14 PM market time,DELAYED_CURRENT,8316.0,972815.0,Current quote uses Mubasher delayed stock page data; verify live price/spread in Thndr.,Review manually
2026-06-16T17:31:24.068652+00:00,SPIN.CA,Textiles,OK,Yahoo Finance history + Mubasher delayed current trading data,Mubasher delayed stock page,ALIGNED,01:12 PM market time,DELAYED_CURRENT,100102.0,1392024.5,Current quote uses Mubasher delayed stock page data; verify live price/spread in Thndr.,Review manually
2026-06-16T17:31:24.068652+00:00,CICH.CA,Non-bank Financial Services,OK,Yahoo Finance history + Mubasher delayed current trading data,Mubasher delayed stock page,ALIGNED,01:25 PM market time,DELAYED_CURRENT,134738.0,1558244.25,Current quote uses Mubasher delayed stock page data; verify live price/spread in Thndr.,Review manually
2026-06-16T17:31:24.068652+00:00,CFGH.CA,General / Verified EGX Expansion,OK,Yahoo Finance,Yahoo Finance,,2026-06-14T21:00:00+00:00,FRESH,42196.0,4303.99,,No action
2026-06-16T17:31:24.068652+00:00,EFIC.CA,Basic Resources & Chemicals,OK,Yahoo Finance history + Mubasher delayed current trading data,Mubasher delayed stock page,ALIGNED,01:13 PM market time,DELAYED_CURRENT,6582.0,1346042.75,Current quote uses Mubasher delayed stock page data; verify live price/spread in Thndr.,Review manually
2026-06-16T17:31:24.068652+00:00,WCDF.CA,General / Verified EGX Expansion,OK,Yahoo Finance history + Mubasher delayed current trading data,Mubasher delayed stock page,UNALIGNED_BLOCKED,01:13 PM market time,DELAYED_CURRENT_UNALIGNED,867.0,467109.78,Current quote uses Mubasher delayed stock page data; verify live price/spread in Thndr.; Mubasher current price differs materially from Yahoo history; historical indicators/support/resistance are blocked until the symbol mapping/history is verified.,Review manually
