timestamp_utc,Ticker,Yahoo_Symbol,Sector,Current_Price,Volume,Daily_Liquidity_EGP,Liquidity_Source,Price_Source,Price_As_Of,Price_Freshness,Current_Open,Current_High,Current_Low,Current_Previous_Close,Current_Change_%,Current_Source_URL,Yahoo_Last_Close,Current_Yahoo_Delta_%,Technical_Source_Status
2026-06-16T12:52:53.671141+00:00,MTIE.CA,MTIE.CA,Automotive & Distribution,9.25,7572327.0,71459168.0,Mubasher delayed stock page,Yahoo Finance history + Mubasher delayed current trading data,01:29 PM market time,DELAYED_CURRENT,9.23,9.6,9.18,9.23,0.22,https://english.mubasher.info/markets/EGX/stocks/MTIE,9.23,0.22,ALIGNED
2026-06-16T12:52:53.671141+00:00,HDBK.CA,HDBK.CA,Banking & Financials,148.0,397662.0,59812140.0,Mubasher delayed stock page,Yahoo Finance history + Mubasher delayed current trading data,01:26 PM market time,DELAYED_CURRENT,146.79,154.0,146.2,146.79,0.9,https://english.mubasher.info/markets/EGX/stocks/HDBK,146.79,0.82,ALIGNED
2026-06-16T12:52:53.671141+00:00,MPCO.CA,MPCO.CA,Agriculture & Food Production,1.95,176081727.0,350752960.0,Mubasher delayed stock page,Yahoo Finance history + Mubasher delayed current trading data,01:29 PM market time,DELAYED_CURRENT,2.0,2.04,1.94,2.0,-2.5,https://english.mubasher.info/markets/EGX/stocks/MPCO,2.0,2.5,ALIGNED
2026-06-16T12:52:53.671141+00:00,GBCO.CA,GBCO.CA,Automotive & Distribution,28.38,1672093.0,46990748.0,Mubasher delayed stock page,Yahoo Finance history + Mubasher delayed current trading data,01:28 PM market time,DELAYED_CURRENT,28.5,28.55,27.77,28.5,-0.6,https://english.mubasher.info/markets/EGX/stocks/GBCO,28.5,0.42,ALIGNED
2026-06-16T12:52:53.671141+00:00,EPCO.CA,EPCO.CA,General / Verified EGX Expansion,9.41,4141260.0,39504656.0,Mubasher delayed stock page,Yahoo Finance history + Mubasher delayed current trading data,01:25 PM market time,DELAYED_CURRENT,9.28,9.8,9.22,9.28,1.4,https://english.mubasher.info/markets/EGX/stocks/EPCO,9.28,1.4,ALIGNED
2026-06-16T12:52:53.671141+00:00,MOSC.CA,MOSC.CA,General / Verified EGX Expansion,285.82,101917.0,29535896.0,Mubasher delayed stock page,Yahoo Finance history + Mubasher delayed current trading data,01:29 PM market time,DELAYED_CURRENT,280.61,305.0,280.0,280.61,1.86,https://english.mubasher.info/markets/EGX/stocks/MOSC,280.61,1.86,ALIGNED
2026-06-16T12:52:53.671141+00:00,PHDC.CA,PHDC.CA,Real Estate,15.81,39253764.0,625832000.0,Mubasher delayed stock page,Yahoo Finance history + Mubasher delayed current trading data,01:29 PM market time,DELAYED_CURRENT,16.01,16.13,15.75,16.01,-1.31,https://english.mubasher.info/markets/EGX/stocks/PHDC,16.01,1.25,ALIGNED
2026-06-16T12:52:53.671141+00:00,ARAB.CA,ARAB.CA,Real Estate,0.22,554792997.0,121253464.0,Mubasher delayed stock page,Yahoo Finance history + Mubasher delayed current trading data,01:29 PM market time,DELAYED_CURRENT,0.22,0.22,0.21,0.22,-0.46,https://english.mubasher.info/markets/EGX/stocks/ARAB,0.22,0.0,ALIGNED
2026-06-16T12:52:53.671141+00:00,EAST.CA,EAST.CA,"Food, Beverages & Tobacco",39.0,811188.0,32398896.0,Mubasher delayed stock page,Yahoo Finance history + Mubasher delayed current trading data,01:25 PM market time,DELAYED_CURRENT,39.9,40.59,38.9,39.9,-2.26,https://english.mubasher.info/markets/EGX/stocks/EAST,39.9,2.26,ALIGNED
2026-06-16T12:52:53.671141+00:00,ANFI.CA,ANFI.CA,General / Verified EGX Expansion,28.75,7034004.0,202227615.0,Yahoo Finance,Yahoo Finance,2026-06-14T21:00:00+00:00,FRESH,,,,,,,,,
2026-06-16T12:52:53.671141+00:00,EMFD.CA,EMFD.CA,Real Estate,12.38,24725593.0,306361472.0,Mubasher delayed stock page,Yahoo Finance history + Mubasher delayed current trading data,01:27 PM market time,DELAYED_CURRENT,12.34,12.5,12.2,12.34,1.3,https://english.mubasher.info/markets/EGX/stocks/EMFD,12.34,0.32,ALIGNED
2026-06-16T12:52:53.671141+00:00,HRHO.CA,HRHO.CA,Non-bank Financial Services,27.87,15970540.0,439748384.0,Mubasher delayed stock page,Yahoo Finance history + Mubasher delayed current trading data,01:29 PM market time,DELAYED_CURRENT,27.03,27.9,27.1,27.03,3.22,https://english.mubasher.info/markets/EGX/stocks/HRHO,27.03,3.11,ALIGNED
2026-06-16T12:52:53.671141+00:00,PHTV.CA,PHTV.CA,General / Verified EGX Expansion,221.5,103998.0,23022256.0,Mubasher delayed stock page,Yahoo Finance history + Mubasher delayed current trading data,01:25 PM market time,DELAYED_CURRENT,219.99,224.99,219.0,219.99,0.69,https://english.mubasher.info/markets/EGX/stocks/PHTV,219.99,0.69,ALIGNED
2026-06-16T12:52:53.671141+00:00,JUFO.CA,JUFO.CA,"Food, Beverages & Tobacco",30.54,712893.0,21728962.0,Mubasher delayed stock page,Yahoo Finance history + Mubasher delayed current trading data,01:29 PM market time,DELAYED_CURRENT,30.94,31.0,30.05,30.94,-0.45,https://english.mubasher.info/markets/EGX/stocks/JUFO,30.94,1.29,ALIGNED
2026-06-16T12:52:53.671141+00:00,ROTO.CA,ROTO.CA,General / Verified EGX Expansion,35.54,439651.0,15441989.0,Mubasher delayed stock page,Yahoo Finance history + Mubasher delayed current trading data,01:28 PM market time,DELAYED_CURRENT,34.47,35.85,34.5,34.47,3.1,https://english.mubasher.info/markets/EGX/stocks/ROTO,34.47,3.1,ALIGNED
2026-06-16T12:52:53.671141+00:00,CANA.CA,CANA.CA,Banking & Financials,37.22,324617.0,12119788.0,Mubasher delayed stock page,Yahoo Finance history + Mubasher delayed current trading data,01:27 PM market time,DELAYED_CURRENT,38.0,38.22,37.09,38.0,-2.05,https://english.mubasher.info/markets/EGX/stocks/CANA,38.0,2.05,ALIGNED
2026-06-16T12:52:53.671141+00:00,ASPI.CA,ASPI.CA,General / Verified EGX Expansion,0.31,88645331.0,27393872.0,Mubasher delayed stock page,Yahoo Finance history + Mubasher delayed current trading data,01:27 PM market time,DELAYED_CURRENT,0.31,0.32,0.3,0.31,-1.92,https://english.mubasher.info/markets/EGX/stocks/ASPI,0.31,0.0,ALIGNED
2026-06-16T12:52:53.671141+00:00,ISMA.CA,ISMA.CA,General / Verified EGX Expansion,30.15,4733274.0,146305568.0,Mubasher delayed stock page,Yahoo Finance history + Mubasher delayed current trading data,01:28 PM market time,DELAYED_CURRENT,30.38,36.45,29.19,30.38,-0.76,https://english.mubasher.info/markets/EGX/stocks/ISMA,30.38,0.76,ALIGNED
2026-06-16T12:52:53.671141+00:00,UEGC.CA,UEGC.CA,General / Verified EGX Expansion,1.43,12358162.0,17635206.0,Mubasher delayed stock page,Yahoo Finance history + Mubasher delayed current trading data,01:26 PM market time,DELAYED_CURRENT,1.42,1.46,1.39,1.42,0.7,https://english.mubasher.info/markets/EGX/stocks/UEGC,1.42,0.7,ALIGNED
2026-06-16T12:52:53.671141+00:00,RREI.CA,RREI.CA,General / Verified EGX Expansion,3.63,11241504.0,40623264.0,Mubasher delayed stock page,Yahoo Finance history + Mubasher delayed current trading data,01:29 PM market time,DELAYED_CURRENT,3.5,3.67,3.52,3.5,4.29,https://english.mubasher.info/markets/EGX/stocks/RREI,3.5,3.71,ALIGNED
2026-06-16T12:52:53.671141+00:00,ORHD.CA,ORHD.CA,Real Estate,37.2,3159852.0,118224872.0,Mubasher delayed stock page,Yahoo Finance history + Mubasher delayed current trading data,01:29 PM market time,DELAYED_CURRENT,37.15,37.8,37.08,37.15,0.65,https://english.mubasher.info/markets/EGX/stocks/ORHD,37.15,0.13,ALIGNED
2026-06-16T12:52:53.671141+00:00,ZMID.CA,ZMID.CA,Real Estate,6.17,14055725.0,87080432.0,Mubasher delayed stock page,Yahoo Finance history + Mubasher delayed current trading data,01:29 PM market time,DELAYED_CURRENT,6.17,6.28,6.11,6.17,0.0,https://english.mubasher.info/markets/EGX/stocks/ZMID,6.17,0.0,ALIGNED
2026-06-16T12:52:53.671141+00:00,PRMH.CA,PRMH.CA,General / Verified EGX Expansion,2.87,15532584.0,44973944.0,Mubasher delayed stock page,Yahoo Finance history + Mubasher delayed current trading data,01:28 PM market time,DELAYED_CURRENT,2.77,3.02,2.78,2.77,2.89,https://english.mubasher.info/markets/EGX/stocks/PRMH,2.77,3.61,ALIGNED
2026-06-16T12:52:53.671141+00:00,ODIN.CA,ODIN.CA,General / Verified EGX Expansion,2.21,8489467.0,18780236.0,Mubasher delayed stock page,Yahoo Finance history + Mubasher delayed current trading data,01:29 PM market time,DELAYED_CURRENT,2.17,2.25,2.17,2.17,1.84,https://english.mubasher.info/markets/EGX/stocks/ODIN,2.17,1.84,ALIGNED
2026-06-16T12:52:53.671141+00:00,MASR.CA,MASR.CA,General / Verified EGX Expansion,7.2,10553166.0,76534112.0,Mubasher delayed stock page,Yahoo Finance history + Mubasher delayed current trading data,01:29 PM market time,DELAYED_CURRENT,7.13,7.4,7.05,7.13,2.38,https://english.mubasher.info/markets/EGX/stocks/MASR,7.13,0.98,ALIGNED
2026-06-16T12:52:53.671141+00:00,COSG.CA,COSG.CA,General / Verified EGX Expansion,1.61,55538133.0,90209928.0,Mubasher delayed stock page,Yahoo Finance history + Mubasher delayed current trading data,01:29 PM market time,DELAYED_CURRENT,1.58,1.66,1.58,1.58,2.53,https://english.mubasher.info/markets/EGX/stocks/COSG,1.58,1.9,ALIGNED
2026-06-16T12:52:53.671141+00:00,OLFI.CA,OLFI.CA,"Food, Beverages & Tobacco",21.88,1012649.0,22284914.0,Mubasher delayed stock page,Yahoo Finance history + Mubasher delayed current trading data,01:27 PM market time,DELAYED_CURRENT,22.37,22.46,21.85,22.37,-1.65,https://english.mubasher.info/markets/EGX/stocks/OLFI,22.37,2.19,ALIGNED
2026-06-16T12:52:53.671141+00:00,ADIB.CA,ADIB.CA,Banking & Financials,47.63,1564948.0,74269264.0,Mubasher delayed stock page,Yahoo Finance history + Mubasher delayed current trading data,01:29 PM market time,DELAYED_CURRENT,47.3,47.8,46.86,47.3,1.06,https://english.mubasher.info/markets/EGX/stocks/ADIB,47.3,0.7,ALIGNED
2026-06-16T12:52:53.671141+00:00,LUTS.CA,LUTS.CA,General / Verified EGX Expansion,0.74,70138166.0,52499264.0,Mubasher delayed stock page,Yahoo Finance history + Mubasher delayed current trading data,01:29 PM market time,DELAYED_CURRENT,0.75,0.77,0.73,0.75,-1.99,https://english.mubasher.info/markets/EGX/stocks/LUTS,0.75,1.33,ALIGNED
2026-06-16T12:52:53.671141+00:00,CCRS.CA,CCRS.CA,General / Verified EGX Expansion,2.51,10193289.0,25339222.0,Mubasher delayed stock page,Yahoo Finance history + Mubasher delayed current trading data,01:29 PM market time,DELAYED_CURRENT,2.4,2.55,2.39,2.4,5.0,https://english.mubasher.info/markets/EGX/stocks/CCRS,2.4,4.58,ALIGNED
2026-06-16T12:52:53.671141+00:00,MPCI.CA,MPCI.CA,General / Verified EGX Expansion,220.97,375879.0,82515128.0,Mubasher delayed stock page,Yahoo Finance history + Mubasher delayed current trading data,01:28 PM market time,DELAYED_CURRENT,219.0,222.0,217.0,219.0,0.9,https://english.mubasher.info/markets/EGX/stocks/MPCI,219.0,0.9,ALIGNED
2026-06-16T12:52:53.671141+00:00,GDWA.CA,GDWA.CA,General / Verified EGX Expansion,0.81,25333345.0,20508434.0,Mubasher delayed stock page,Yahoo Finance history + Mubasher delayed current trading data,01:25 PM market time,DELAYED_CURRENT,0.8,0.82,0.8,0.8,1.89,https://english.mubasher.info/markets/EGX/stocks/GDWA,0.8,1.25,ALIGNED
2026-06-16T12:52:53.671141+00:00,ACAMD.CA,ACAMD.CA,General / Verified EGX Expansion,2.36,41079674.0,97006496.0,Mubasher delayed stock page,Yahoo Finance history + Mubasher delayed current trading data,01:29 PM market time,DELAYED_CURRENT,2.3,2.4,2.33,2.3,2.61,https://english.mubasher.info/markets/EGX/stocks/ACAMD,2.3,2.61,ALIGNED
2026-06-16T12:52:53.671141+00:00,AMIA.CA,AMIA.CA,General / Verified EGX Expansion,9.18,1228302.0,11365119.0,Mubasher delayed stock page,Yahoo Finance history + Mubasher delayed current trading data,01:26 PM market time,DELAYED_CURRENT,9.23,9.5,9.15,9.23,-0.87,https://english.mubasher.info/markets/EGX/stocks/AMIA,9.23,0.54,ALIGNED
2026-06-16T12:52:53.671141+00:00,DAPH.CA,DAPH.CA,General / Verified EGX Expansion,81.26,144658.0,11660051.0,Mubasher delayed stock page,Yahoo Finance history + Mubasher delayed current trading data,01:27 PM market time,DELAYED_CURRENT,77.72,82.0,77.52,77.72,4.55,https://english.mubasher.info/markets/EGX/stocks/DAPH,77.72,4.55,ALIGNED
2026-06-16T12:52:53.671141+00:00,EEII.CA,EEII.CA,General / Verified EGX Expansion,2.42,4485277.0,10812189.0,Mubasher delayed stock page,Yahoo Finance history + Mubasher delayed current trading data,01:28 PM market time,DELAYED_CURRENT,2.37,2.45,2.36,2.37,2.11,https://english.mubasher.info/markets/EGX/stocks/EEII,2.37,2.11,ALIGNED
2026-06-16T12:52:53.671141+00:00,EHDR.CA,EHDR.CA,General / Verified EGX Expansion,2.7,12229061.0,33156784.0,Mubasher delayed stock page,Yahoo Finance history + Mubasher delayed current trading data,01:27 PM market time,DELAYED_CURRENT,2.7,2.74,2.69,2.7,-0.37,https://english.mubasher.info/markets/EGX/stocks/EHDR,2.7,0.0,ALIGNED
2026-06-16T12:52:53.671141+00:00,GTWL.CA,GTWL.CA,General / Verified EGX Expansion,48.39,488893.0,24318050.0,Mubasher delayed stock page,Yahoo Finance history + Mubasher delayed current trading data,01:29 PM market time,DELAYED_CURRENT,46.34,52.99,46.33,46.34,4.42,https://english.mubasher.info/markets/EGX/stocks/GTWL,46.34,4.42,ALIGNED
2026-06-16T12:52:53.671141+00:00,NCCW.CA,NCCW.CA,General / Verified EGX Expansion,6.27,1874716.0,11852483.0,Mubasher delayed stock page,Yahoo Finance history + Mubasher delayed current trading data,01:29 PM market time,DELAYED_CURRENT,6.43,6.47,6.26,6.43,-2.49,https://english.mubasher.info/markets/EGX/stocks/NCCW,6.43,2.49,ALIGNED
2026-06-16T12:52:53.671141+00:00,ELKA.CA,ELKA.CA,General / Verified EGX Expansion,1.31,44426700.0,57681700.0,Mubasher delayed stock page,Yahoo Finance history + Mubasher delayed current trading data,01:29 PM market time,DELAYED_CURRENT,1.27,1.32,1.26,1.27,3.94,https://english.mubasher.info/markets/EGX/stocks/ELKA,1.27,3.15,ALIGNED
2026-06-16T12:52:53.671141+00:00,ENGC.CA,ENGC.CA,General / Verified EGX Expansion,35.8,216897.0,7793410.0,Mubasher delayed stock page,Yahoo Finance history + Mubasher delayed current trading data,01:29 PM market time,DELAYED_CURRENT,35.94,36.46,35.7,35.94,-0.67,https://english.mubasher.info/markets/EGX/stocks/ENGC,35.94,0.39,ALIGNED
2026-06-16T12:52:53.671141+00:00,ISMQ.CA,ISMQ.CA,Basic Resources & Chemicals,8.13,14443352.0,118668800.0,Mubasher delayed stock page,Yahoo Finance history + Mubasher delayed current trading data,01:29 PM market time,DELAYED_CURRENT,8.14,8.35,8.08,8.14,-0.49,https://english.mubasher.info/markets/EGX/stocks/ISMQ,8.14,0.12,ALIGNED
2026-06-16T12:52:53.671141+00:00,TMGH.CA,TMGH.CA,Real Estate,95.0,4947159.0,470194112.0,Mubasher delayed stock page,Yahoo Finance history + Mubasher delayed current trading data,01:29 PM market time,DELAYED_CURRENT,95.3,95.69,94.55,95.3,0.31,https://english.mubasher.info/markets/EGX/stocks/TMGH,95.3,0.31,ALIGNED
2026-06-16T12:52:53.671141+00:00,HELI.CA,HELI.CA,Real Estate,6.44,19368737.0,124200224.0,Mubasher delayed stock page,Yahoo Finance history + Mubasher delayed current trading data,01:29 PM market time,DELAYED_CURRENT,6.43,6.5,6.34,6.43,-0.47,https://english.mubasher.info/markets/EGX/stocks/HELI,6.43,0.16,ALIGNED
2026-06-16T12:52:53.671141+00:00,EGTS.CA,EGTS.CA,Real Estate,17.8,3012260.0,53657752.0,Mubasher delayed stock page,Yahoo Finance history + Mubasher delayed current trading data,01:29 PM market time,DELAYED_CURRENT,17.8,18.14,17.5,17.8,-0.51,https://english.mubasher.info/markets/EGX/stocks/EGTS,17.8,0.0,ALIGNED
2026-06-16T12:52:53.671141+00:00,ORWE.CA,ORWE.CA,Textiles,23.18,546571.0,12629147.0,Mubasher delayed stock page,Yahoo Finance history + Mubasher delayed current trading data,01:29 PM market time,DELAYED_CURRENT,23.13,23.3,23.01,23.13,0.22,https://english.mubasher.info/markets/EGX/stocks/ORWE,23.13,0.22,ALIGNED
2026-06-16T12:52:53.671141+00:00,MBSC.CA,MBSC.CA,Building Materials,251.92,142152.0,35958352.0,Mubasher delayed stock page,Yahoo Finance history + Mubasher delayed current trading data,01:29 PM market time,DELAYED_CURRENT,271.52,254.99,251.57,271.52,-7.22,https://english.mubasher.info/markets/EGX/stocks/MBSC,251.52,0.16,ALIGNED
2026-06-16T12:52:53.671141+00:00,PRCL.CA,PRCL.CA,Building Materials,24.6,923298.0,23020428.0,Mubasher delayed stock page,Yahoo Finance history + Mubasher delayed current trading data,01:28 PM market time,DELAYED_CURRENT,24.5,25.48,24.5,24.5,0.0,https://english.mubasher.info/markets/EGX/stocks/PRCL,24.5,0.41,ALIGNED
2026-06-16T12:52:53.671141+00:00,ISPH.CA,ISPH.CA,Healthcare,12.1,3562059.0,43380076.0,Mubasher delayed stock page,Yahoo Finance history + Mubasher delayed current trading data,01:28 PM market time,DELAYED_CURRENT,12.16,12.29,12.03,12.16,-0.74,https://english.mubasher.info/markets/EGX/stocks/ISPH,12.16,0.49,ALIGNED
2026-06-16T12:52:53.671141+00:00,COMI.CA,COMI.CA,Banking & Financials,133.2,3577275.0,477917600.0,Mubasher delayed stock page,Yahoo Finance history + Mubasher delayed current trading data,01:29 PM market time,DELAYED_CURRENT,134.75,134.2,133.03,134.75,-1.0,https://english.mubasher.info/markets/EGX/stocks/COMI,134.75,1.15,ALIGNED
2026-06-16T12:52:53.671141+00:00,COPR.CA,COPR.CA,General / Verified EGX Expansion,0.37,116523259.0,42797720.0,Mubasher delayed stock page,Yahoo Finance history + Mubasher delayed current trading data,01:29 PM market time,DELAYED_CURRENT,0.36,0.37,0.36,0.36,2.76,https://english.mubasher.info/markets/EGX/stocks/COPR,0.36,2.78,ALIGNED
2026-06-16T12:52:53.671141+00:00,AREH.CA,AREH.CA,General / Verified EGX Expansion,1.58,16605896.0,26616764.0,Mubasher delayed stock page,Yahoo Finance history + Mubasher delayed current trading data,01:28 PM market time,DELAYED_CURRENT,1.61,1.64,1.57,1.61,-2.48,https://english.mubasher.info/markets/EGX/stocks/AREH,1.61,1.86,ALIGNED
2026-06-16T12:52:53.671141+00:00,ASCM.CA,ASCM.CA,General / Verified EGX Expansion,59.0,712974.0,42630948.0,Mubasher delayed stock page,Yahoo Finance history + Mubasher delayed current trading data,01:29 PM market time,DELAYED_CURRENT,60.8,61.26,58.73,60.8,-3.4,https://english.mubasher.info/markets/EGX/stocks/ASCM,60.8,2.96,ALIGNED
2026-06-16T12:52:53.671141+00:00,ETRS.CA,ETRS.CA,General / Verified EGX Expansion,10.0,3217625.0,32199086.0,Mubasher delayed stock page,Yahoo Finance history + Mubasher delayed current trading data,01:27 PM market time,DELAYED_CURRENT,10.1,10.17,9.84,10.1,-1.29,https://english.mubasher.info/markets/EGX/stocks/ETRS,10.1,0.99,ALIGNED
2026-06-16T12:52:53.671141+00:00,ATQA.CA,ATQA.CA,Basic Resources & Chemicals,9.7,6370487.0,61983880.0,Mubasher delayed stock page,Yahoo Finance history + Mubasher delayed current trading data,01:29 PM market time,DELAYED_CURRENT,9.41,9.9,9.41,9.41,3.19,https://english.mubasher.info/markets/EGX/stocks/ATQA,9.41,3.08,ALIGNED
2026-06-16T12:52:53.671141+00:00,DSCW.CA,DSCW.CA,General / Verified EGX Expansion,1.85,35152897.0,64761540.0,Mubasher delayed stock page,Yahoo Finance history + Mubasher delayed current trading data,01:29 PM market time,DELAYED_CURRENT,1.8,1.86,1.81,1.8,3.33,https://english.mubasher.info/markets/EGX/stocks/DSCW,1.8,2.78,ALIGNED
2026-06-16T12:52:53.671141+00:00,EFID.CA,EFID.CA,"Food, Beverages & Tobacco",28.39,1161419.0,32954906.0,Mubasher delayed stock page,Yahoo Finance history + Mubasher delayed current trading data,01:27 PM market time,DELAYED_CURRENT,28.8,28.86,28.2,28.8,-1.42,https://english.mubasher.info/markets/EGX/stocks/EFID,28.8,1.42,ALIGNED
2026-06-16T12:52:53.671141+00:00,POUL.CA,POUL.CA,"Food, Beverages & Tobacco",36.01,817371.0,29897370.0,Mubasher delayed stock page,Yahoo Finance history + Mubasher delayed current trading data,01:28 PM market time,DELAYED_CURRENT,36.6,37.25,36.01,36.6,-1.61,https://english.mubasher.info/markets/EGX/stocks/POUL,36.6,1.61,ALIGNED
2026-06-16T12:52:53.671141+00:00,EXPA.CA,EXPA.CA,Banking & Financials,18.66,1467220.0,27287542.0,Mubasher delayed stock page,Yahoo Finance history + Mubasher delayed current trading data,01:27 PM market time,DELAYED_CURRENT,18.64,18.72,18.54,18.64,0.11,https://english.mubasher.info/markets/EGX/stocks/EXPA,18.64,0.11,ALIGNED
2026-06-16T12:52:53.671141+00:00,ARVA.CA,ARVA.CA,General / Verified EGX Expansion,11.27,3801122.0,43454692.0,Mubasher delayed stock page,Yahoo Finance history + Mubasher delayed current trading data,01:28 PM market time,DELAYED_CURRENT,11.84,12.0,11.2,11.84,-4.81,https://english.mubasher.info/markets/EGX/stocks/ARVA,11.84,4.81,ALIGNED
2026-06-16T12:52:53.671141+00:00,MPRC.CA,MPRC.CA,General / Verified EGX Expansion,31.98,406937.0,13081691.0,Mubasher delayed stock page,Yahoo Finance history + Mubasher delayed current trading data,01:27 PM market time,DELAYED_CURRENT,32.0,32.5,31.72,32.0,0.81,https://english.mubasher.info/markets/EGX/stocks/MPRC,32.0,0.06,ALIGNED
2026-06-16T12:52:53.671141+00:00,IDRE.CA,IDRE.CA,General / Verified EGX Expansion,43.54,278363.0,12220608.0,Mubasher delayed stock page,Yahoo Finance history + Mubasher delayed current trading data,01:29 PM market time,DELAYED_CURRENT,43.03,44.6,43.03,43.03,2.25,https://english.mubasher.info/markets/EGX/stocks/IDRE,43.03,1.19,ALIGNED
2026-06-16T12:52:53.671141+00:00,MILS.CA,MILS.CA,General / Verified EGX Expansion,141.82,94799.0,13534356.0,Mubasher delayed stock page,Yahoo Finance history + Mubasher delayed current trading data,01:14 PM market time,DELAYED_CURRENT,146.0,147.7,140.01,146.0,-2.86,https://english.mubasher.info/markets/EGX/stocks/MILS,146.0,2.86,ALIGNED
2026-06-16T12:52:53.671141+00:00,SPMD.CA,SPMD.CA,General / Verified EGX Expansion,0.41,32641691.0,13527026.0,Mubasher delayed stock page,Yahoo Finance history + Mubasher delayed current trading data,01:27 PM market time,DELAYED_CURRENT,0.41,0.42,0.41,0.41,3.21,https://english.mubasher.info/markets/EGX/stocks/SPMD,0.41,0.0,ALIGNED
2026-06-16T12:52:53.671141+00:00,SVCE.CA,SVCE.CA,General / Verified EGX Expansion,9.04,9371974.0,85696032.0,Mubasher delayed stock page,Yahoo Finance history + Mubasher delayed current trading data,01:29 PM market time,DELAYED_CURRENT,9.16,9.29,9.0,9.16,-1.53,https://english.mubasher.info/markets/EGX/stocks/SVCE,9.16,1.31,ALIGNED
2026-06-16T12:52:53.671141+00:00,OBRI.CA,OBRI.CA,General / Verified EGX Expansion,36.12,239542.0,8703589.0,Mubasher delayed stock page,Yahoo Finance history + Mubasher delayed current trading data,01:25 PM market time,DELAYED_CURRENT,36.8,36.99,36.07,36.8,-1.85,https://english.mubasher.info/markets/EGX/stocks/OBRI,36.8,1.85,ALIGNED
2026-06-16T12:52:53.671141+00:00,KWIN.CA,KWIN.CA,General / Verified EGX Expansion,74.15,72700.0,5380090.5,Mubasher delayed stock page,Yahoo Finance history + Mubasher delayed current trading data,01:27 PM market time,DELAYED_CURRENT,75.04,75.98,72.5,75.04,-1.19,https://english.mubasher.info/markets/EGX/stocks/KWIN,75.04,1.19,ALIGNED
2026-06-16T12:52:53.671141+00:00,ARCC.CA,ARCC.CA,Building Materials,56.05,440079.0,24711996.0,Mubasher delayed stock page,Yahoo Finance history + Mubasher delayed current trading data,01:29 PM market time,DELAYED_CURRENT,56.65,56.95,56.0,56.65,-0.95,https://english.mubasher.info/markets/EGX/stocks/ARCC,56.65,1.06,ALIGNED
2026-06-16T12:52:53.671141+00:00,SCEM.CA,SCEM.CA,Building Materials,62.18,331112.0,20510872.0,Mubasher delayed stock page,Yahoo Finance history + Mubasher delayed current trading data,01:28 PM market time,DELAYED_CURRENT,62.06,62.37,61.5,62.06,0.19,https://english.mubasher.info/markets/EGX/stocks/SCEM,62.06,0.19,ALIGNED
2026-06-16T12:52:53.671141+00:00,BINV.CA,BINV.CA,Investment Holding,47.25,186559.0,8749171.0,Mubasher delayed stock page,Yahoo Finance history + Mubasher delayed current trading data,01:29 PM market time,DELAYED_CURRENT,47.89,48.0,46.32,47.89,-1.34,https://english.mubasher.info/markets/EGX/stocks/BINV,47.89,1.34,ALIGNED
2026-06-16T12:52:53.671141+00:00,RMDA.CA,RMDA.CA,Healthcare,5.09,2698500.0,13790117.0,Mubasher delayed stock page,Yahoo Finance history + Mubasher delayed current trading data,01:25 PM market time,DELAYED_CURRENT,5.11,5.16,5.08,5.11,-0.39,https://english.mubasher.info/markets/EGX/stocks/RMDA,5.11,0.39,ALIGNED
2026-06-16T12:52:53.671141+00:00,NIPH.CA,NIPH.CA,Healthcare,160.97,316981.0,51026428.0,Mubasher delayed stock page,Yahoo Finance history + Mubasher delayed current trading data,01:28 PM market time,DELAYED_CURRENT,161.9,162.99,160.0,161.9,-0.8,https://english.mubasher.info/markets/EGX/stocks/NIPH,161.9,0.57,ALIGNED
2026-06-16T12:52:53.671141+00:00,ADCI.CA,ADCI.CA,General / Verified EGX Expansion,227.1,39011.0,8786436.0,Mubasher delayed stock page,Yahoo Finance history + Mubasher delayed current trading data,01:25 PM market time,DELAYED_CURRENT,226.87,229.5,223.15,226.87,0.1,https://english.mubasher.info/markets/EGX/stocks/ADCI,226.87,0.1,ALIGNED
2026-06-16T12:52:53.671141+00:00,ECAP.CA,ECAP.CA,General / Verified EGX Expansion,32.56,274400.0,8863962.0,Mubasher delayed stock page,Yahoo Finance history + Mubasher delayed current trading data,01:25 PM market time,DELAYED_CURRENT,31.77,32.62,31.3,31.77,2.49,https://english.mubasher.info/markets/EGX/stocks/ECAP,31.77,2.49,ALIGNED
2026-06-16T12:52:53.671141+00:00,CLHO.CA,CLHO.CA,Healthcare,15.59,499836.0,7752118.5,Mubasher delayed stock page,Yahoo Finance history + Mubasher delayed current trading data,01:29 PM market time,DELAYED_CURRENT,15.49,15.61,15.25,15.49,0.65,https://english.mubasher.info/markets/EGX/stocks/CLHO,15.49,0.65,ALIGNED
2026-06-16T12:52:53.671141+00:00,MICH.CA,MICH.CA,General / Verified EGX Expansion,37.79,190059.0,7130593.5,Mubasher delayed stock page,Yahoo Finance history + Mubasher delayed current trading data,01:27 PM market time,DELAYED_CURRENT,37.0,37.9,37.02,37.0,2.14,https://english.mubasher.info/markets/EGX/stocks/MICH,37.0,2.14,ALIGNED
2026-06-16T12:52:53.671141+00:00,MCRO.CA,MCRO.CA,General / Verified EGX Expansion,1.24,37499679.0,46735188.0,Mubasher delayed stock page,Yahoo Finance history + Mubasher delayed current trading data,01:29 PM market time,DELAYED_CURRENT,1.24,1.27,1.23,1.24,0.0,https://english.mubasher.info/markets/EGX/stocks/MCRO,1.24,0.0,ALIGNED
2026-06-16T12:52:53.671141+00:00,ATLC.CA,ATLC.CA,Non-bank Financial Services,5.16,1051257.0,5419133.0,Mubasher delayed stock page,Yahoo Finance history + Mubasher delayed current trading data,01:25 PM market time,DELAYED_CURRENT,5.2,5.23,5.09,5.2,-0.77,https://english.mubasher.info/markets/EGX/stocks/ATLC,5.2,0.77,ALIGNED
2026-06-16T12:52:53.671141+00:00,MOED.CA,MOED.CA,General / Verified EGX Expansion,0.71,24080456.0,17155652.0,Mubasher delayed stock page,Yahoo Finance history + Mubasher delayed current trading data,01:28 PM market time,DELAYED_CURRENT,0.71,0.72,0.71,0.71,-0.42,https://english.mubasher.info/markets/EGX/stocks/MOED,0.71,0.0,ALIGNED
2026-06-16T12:52:53.671141+00:00,CCAP.CA,CCAP.CA,Investment Holding,5.11,143611803.0,730365760.0,Mubasher delayed stock page,Yahoo Finance history + Mubasher delayed current trading data,01:29 PM market time,DELAYED_CURRENT,5.03,5.17,4.98,5.03,1.79,https://english.mubasher.info/markets/EGX/stocks/CCAP,5.03,1.59,ALIGNED
2026-06-16T12:52:53.671141+00:00,OCDI.CA,OCDI.CA,Real Estate,20.71,706790.0,14683069.0,Mubasher delayed stock page,Yahoo Finance history + Mubasher delayed current trading data,01:29 PM market time,DELAYED_CURRENT,20.65,20.89,20.66,20.65,0.29,https://english.mubasher.info/markets/EGX/stocks/OCDI,20.65,0.29,ALIGNED
2026-06-16T12:52:53.671141+00:00,CIEB.CA,CIEB.CA,Banking & Financials,23.58,378206.0,8949406.0,Mubasher delayed stock page,Yahoo Finance history + Mubasher delayed current trading data,01:25 PM market time,DELAYED_CURRENT,23.48,23.9,23.45,23.48,1.79,https://english.mubasher.info/markets/EGX/stocks/CIEB,23.48,0.43,ALIGNED
2026-06-16T12:52:53.671141+00:00,MHOT.CA,MHOT.CA,Tourism & Leisure,29.87,281563.0,8494898.0,Mubasher delayed stock page,Yahoo Finance history + Mubasher delayed current trading data,01:27 PM market time,DELAYED_CURRENT,29.73,30.79,29.6,29.73,0.47,https://english.mubasher.info/markets/EGX/stocks/MHOT,29.73,0.47,ALIGNED
2026-06-16T12:52:53.671141+00:00,EGCH.CA,EGCH.CA,Basic Resources & Chemicals,13.79,3659089.0,49680136.0,Mubasher delayed stock page,Yahoo Finance history + Mubasher delayed current trading data,01:29 PM market time,DELAYED_CURRENT,13.2,13.8,13.23,13.2,4.17,https://english.mubasher.info/markets/EGX/stocks/EGCH,13.2,4.47,ALIGNED
2026-06-16T12:52:53.671141+00:00,SDTI.CA,SDTI.CA,General / Verified EGX Expansion,46.94,77143.0,3627903.5,Mubasher delayed stock page,Yahoo Finance history + Mubasher delayed current trading data,01:26 PM market time,DELAYED_CURRENT,46.96,47.74,46.31,46.96,-0.04,https://english.mubasher.info/markets/EGX/stocks/SDTI,46.96,0.04,ALIGNED
2026-06-16T12:52:53.671141+00:00,AFDI.CA,AFDI.CA,General / Verified EGX Expansion,42.8,130834.0,5577093.5,Mubasher delayed stock page,Yahoo Finance history + Mubasher delayed current trading data,01:25 PM market time,DELAYED_CURRENT,42.97,43.4,42.01,42.97,-0.4,https://english.mubasher.info/markets/EGX/stocks/AFDI,42.97,0.4,ALIGNED
2026-06-16T12:52:53.671141+00:00,IRON.CA,IRON.CA,Basic Resources & Chemicals,32.56,365112.0,12031044.0,Mubasher delayed stock page,Yahoo Finance history + Mubasher delayed current trading data,01:29 PM market time,DELAYED_CURRENT,32.04,33.4,32.05,32.04,1.62,https://english.mubasher.info/markets/EGX/stocks/IRON,32.04,1.62,ALIGNED
2026-06-16T12:52:53.671141+00:00,SIPC.CA,SIPC.CA,General / Verified EGX Expansion,3.46,4381732.0,15147809.0,Mubasher delayed stock page,Yahoo Finance history + Mubasher delayed current trading data,01:25 PM market time,DELAYED_CURRENT,3.47,3.49,3.43,3.47,-0.29,https://english.mubasher.info/markets/EGX/stocks/SIPC,3.47,0.29,ALIGNED
2026-06-16T12:52:53.671141+00:00,MEPA.CA,MEPA.CA,General / Verified EGX Expansion,1.7,4326752.0,7354719.0,Mubasher delayed stock page,Yahoo Finance history + Mubasher delayed current trading data,01:29 PM market time,DELAYED_CURRENT,1.7,1.71,1.69,1.7,0.0,https://english.mubasher.info/markets/EGX/stocks/MEPA,1.7,0.0,ALIGNED
2026-06-16T12:52:53.671141+00:00,ELEC.CA,ELEC.CA,Industrial Goods & Cables,2.14,8354081.0,17847852.0,Mubasher delayed stock page,Yahoo Finance history + Mubasher delayed current trading data,01:29 PM market time,DELAYED_CURRENT,2.1,2.15,2.11,2.1,1.9,https://english.mubasher.info/markets/EGX/stocks/ELEC,2.1,1.9,ALIGNED
2026-06-16T12:52:53.671141+00:00,ADPC.CA,ADPC.CA,General / Verified EGX Expansion,3.6,3068644.0,11051233.0,Mubasher delayed stock page,Yahoo Finance history + Mubasher delayed current trading data,01:26 PM market time,DELAYED_CURRENT,3.55,3.68,3.53,3.55,1.41,https://english.mubasher.info/markets/EGX/stocks/ADPC,3.55,1.41,ALIGNED
2026-06-16T12:52:53.671141+00:00,TALM.CA,TALM.CA,Education,16.28,440567.0,7230980.5,Mubasher delayed stock page,Yahoo Finance history + Mubasher delayed current trading data,01:28 PM market time,DELAYED_CURRENT,16.12,16.53,16.21,16.12,0.56,https://english.mubasher.info/markets/EGX/stocks/TALM,16.12,0.99,ALIGNED
2026-06-16T12:52:53.671141+00:00,PHAR.CA,PHAR.CA,Healthcare,84.0,153689.0,12886327.0,Mubasher delayed stock page,Yahoo Finance history + Mubasher delayed current trading data,01:28 PM market time,DELAYED_CURRENT,84.02,84.5,83.5,84.02,-0.02,https://english.mubasher.info/markets/EGX/stocks/PHAR,84.02,0.02,ALIGNED
2026-06-16T12:52:53.671141+00:00,CIRA.CA,CIRA.CA,Education,26.3,230623.0,6069629.5,Mubasher delayed stock page,Yahoo Finance history + Mubasher delayed current trading data,01:25 PM market time,DELAYED_CURRENT,26.81,27.2,26.0,26.81,-1.9,https://english.mubasher.info/markets/EGX/stocks/CIRA,26.81,1.9,ALIGNED
2026-06-16T12:52:53.671141+00:00,UNIT.CA,UNIT.CA,Real Estate,13.64,185208.0,2527978.25,Mubasher delayed stock page,Yahoo Finance history + Mubasher delayed current trading data,01:10 PM market time,DELAYED_CURRENT,13.48,13.86,13.3,13.48,1.19,https://english.mubasher.info/markets/EGX/stocks/UNIT,13.48,1.19,ALIGNED
2026-06-16T12:52:53.671141+00:00,OFH.CA,OFH.CA,General / Verified EGX Expansion,0.62,14779160.0,9125713.0,Mubasher delayed stock page,Yahoo Finance history + Mubasher delayed current trading data,01:25 PM market time,DELAYED_CURRENT,0.62,0.62,0.61,0.62,0.0,https://english.mubasher.info/markets/EGX/stocks/OFH,0.62,0.0,ALIGNED
2026-06-16T12:52:53.671141+00:00,RTVC.CA,RTVC.CA,General / Verified EGX Expansion,3.83,1766369.0,6832529.5,Mubasher delayed stock page,Yahoo Finance history + Mubasher delayed current trading data,01:29 PM market time,DELAYED_CURRENT,3.85,3.93,3.83,3.85,-0.52,https://english.mubasher.info/markets/EGX/stocks/RTVC,3.85,0.52,ALIGNED
2026-06-16T12:52:53.671141+00:00,KABO.CA,KABO.CA,Textiles,6.23,1058692.0,6555883.0,Mubasher delayed stock page,Yahoo Finance history + Mubasher delayed current trading data,01:14 PM market time,DELAYED_CURRENT,6.24,6.24,6.15,6.24,-0.16,https://english.mubasher.info/markets/EGX/stocks/KABO,6.24,0.16,ALIGNED
2026-06-16T12:52:53.671141+00:00,EOSB.CA,EOSB.CA,General / Verified EGX Expansion,1.48,74816.0,110727.68,Yahoo Finance,Yahoo Finance,2026-06-14T21:00:00+00:00,FRESH,,,,,,,,,
2026-06-16T12:52:53.671141+00:00,ICID.CA,ICID.CA,General / Verified EGX Expansion,7.17,720959.0,5093559.0,Mubasher delayed stock page,Yahoo Finance history + Mubasher delayed current trading data,01:14 PM market time,DELAYED_CURRENT,7.0,7.17,6.91,7.0,2.43,https://english.mubasher.info/markets/EGX/stocks/ICID,7.0,2.43,ALIGNED
2026-06-16T12:52:53.671141+00:00,EFIH.CA,EFIH.CA,Fintech & Payments,21.03,1308796.0,27682922.0,Mubasher delayed stock page,Yahoo Finance history + Mubasher delayed current trading data,01:25 PM market time,DELAYED_CURRENT,21.58,21.58,20.96,21.58,-2.69,https://english.mubasher.info/markets/EGX/stocks/EFIH,21.58,2.55,ALIGNED
2026-06-16T12:52:53.671141+00:00,ALUM.CA,ALUM.CA,General / Verified EGX Expansion,23.08,245149.0,5703352.0,Mubasher delayed stock page,Yahoo Finance history + Mubasher delayed current trading data,01:28 PM market time,DELAYED_CURRENT,23.55,23.9,23.02,23.55,-2.0,https://english.mubasher.info/markets/EGX/stocks/ALUM,23.55,2.0,ALIGNED
2026-06-16T12:52:53.671141+00:00,ELWA.CA,ELWA.CA,General / Verified EGX Expansion,2.03,767980.0,1581159.63,Mubasher delayed stock page,Yahoo Finance history + Mubasher delayed current trading data,01:14 PM market time,DELAYED_CURRENT,2.1,2.15,2.02,2.1,-3.33,https://english.mubasher.info/markets/EGX/stocks/ELWA,2.1,3.33,ALIGNED
2026-06-16T12:52:53.671141+00:00,MENA.CA,MENA.CA,Real Estate,6.7,279631.0,1884489.38,Mubasher delayed stock page,Yahoo Finance history + Mubasher delayed current trading data,01:27 PM market time,DELAYED_CURRENT,6.73,6.81,6.66,6.73,-0.45,https://english.mubasher.info/markets/EGX/stocks/MENA,6.73,0.45,ALIGNED
2026-06-16T12:52:53.671141+00:00,EGAS.CA,EGAS.CA,Energy & Petrochemicals,51.15,73334.0,3796864.25,Mubasher delayed stock page,Yahoo Finance history + Mubasher delayed current trading data,01:25 PM market time,DELAYED_CURRENT,51.5,52.5,51.15,51.5,-0.68,https://english.mubasher.info/markets/EGX/stocks/EGAS,51.5,0.68,ALIGNED
2026-06-16T12:52:53.671141+00:00,SNFC.CA,SNFC.CA,General / Verified EGX Expansion,12.36,428142.0,5251659.5,Mubasher delayed stock page,Yahoo Finance history + Mubasher delayed current trading data,01:14 PM market time,DELAYED_CURRENT,12.39,12.39,12.19,12.39,-0.24,https://english.mubasher.info/markets/EGX/stocks/SNFC,12.39,0.24,ALIGNED
2026-06-16T12:52:53.671141+00:00,GGCC.CA,GGCC.CA,General / Verified EGX Expansion,0.41,14977371.0,6167590.5,Mubasher delayed stock page,Yahoo Finance history + Mubasher delayed current trading data,01:25 PM market time,DELAYED_CURRENT,0.41,0.42,0.41,0.41,1.72,https://english.mubasher.info/markets/EGX/stocks/GGCC,0.41,0.0,ALIGNED
2026-06-16T12:52:53.671141+00:00,BTFH.CA,BTFH.CA,Non-bank Financial Services,3.0,42964820.0,129468776.0,Mubasher delayed stock page,Yahoo Finance history + Mubasher delayed current trading data,01:28 PM market time,DELAYED_CURRENT,3.02,3.05,2.99,3.02,-0.99,https://english.mubasher.info/markets/EGX/stocks/BTFH,3.02,0.66,ALIGNED
2026-06-16T12:52:53.671141+00:00,CSAG.CA,CSAG.CA,Transportation & Logistics,31.22,188456.0,5899817.0,Mubasher delayed stock page,Yahoo Finance history + Mubasher delayed current trading data,01:26 PM market time,DELAYED_CURRENT,31.39,31.59,31.12,31.39,-0.1,https://english.mubasher.info/markets/EGX/stocks/CSAG,31.39,0.54,ALIGNED
2026-06-16T12:52:53.671141+00:00,SWDY.CA,SWDY.CA,Industrial Goods & Cables,86.13,62963.0,5432740.0,Mubasher delayed stock page,Yahoo Finance history + Mubasher delayed current trading data,01:25 PM market time,DELAYED_CURRENT,86.4,87.0,86.09,86.4,-0.31,https://english.mubasher.info/markets/EGX/stocks/SWDY,86.4,0.31,ALIGNED
2026-06-16T12:52:53.671141+00:00,EALR.CA,EALR.CA,General / Verified EGX Expansion,357.56,6985.0,2492238.5,Mubasher delayed stock page,Yahoo Finance history + Mubasher delayed current trading data,01:12 PM market time,DELAYED_CURRENT,353.48,361.5,350.2,353.48,1.15,https://english.mubasher.info/markets/EGX/stocks/EALR,353.48,1.15,ALIGNED
2026-06-16T12:52:53.671141+00:00,SKPC.CA,SKPC.CA,Basic Resources & Chemicals,16.24,1305664.0,21241136.0,Mubasher delayed stock page,Yahoo Finance history + Mubasher delayed current trading data,01:28 PM market time,DELAYED_CURRENT,16.37,16.42,16.16,16.37,-0.73,https://english.mubasher.info/markets/EGX/stocks/SKPC,16.37,0.79,ALIGNED
2026-06-16T12:52:53.671141+00:00,FAITA.CA,FAITA.CA,Banking & Financials,0.99,42227.0,41900.47,Mubasher delayed stock page,Yahoo Finance history + Mubasher delayed current trading data,01:25 PM market time,DELAYED_CURRENT,1.0,1.0,0.99,1.0,-0.9,https://english.mubasher.info/markets/EGX/stocks/FAITA,1.0,1.0,ALIGNED
2026-06-16T12:52:53.671141+00:00,AALR.CA,AALR.CA,General / Verified EGX Expansion,205.78,10871.0,2242050.25,Mubasher delayed stock page,Yahoo Finance history + Mubasher delayed current trading data,01:26 PM market time,DELAYED_CURRENT,205.05,208.99,205.11,205.05,0.36,https://english.mubasher.info/markets/EGX/stocks/AALR,205.05,0.36,ALIGNED
2026-06-16T12:52:53.671141+00:00,GIHD.CA,GIHD.CA,General / Verified EGX Expansion,41.4,50622.0,2120084.5,Mubasher delayed stock page,Yahoo Finance history + Mubasher delayed current trading data,01:13 PM market time,DELAYED_CURRENT,41.35,42.49,41.13,41.35,0.12,https://english.mubasher.info/markets/EGX/stocks/GIHD,41.35,0.12,ALIGNED
2026-06-16T12:52:53.671141+00:00,EBSC.CA,EBSC.CA,General / Verified EGX Expansion,1.9,1029276.0,1955043.75,Mubasher delayed stock page,Yahoo Finance history + Mubasher delayed current trading data,01:27 PM market time,DELAYED_CURRENT,1.89,1.96,1.83,1.89,0.53,https://english.mubasher.info/markets/EGX/stocks/EBSC,1.89,0.53,ALIGNED
2026-06-16T12:52:53.671141+00:00,ALCN.CA,ALCN.CA,Transportation & Logistics,28.61,271819.0,7776548.0,Mubasher delayed stock page,Yahoo Finance history + Mubasher delayed current trading data,01:29 PM market time,DELAYED_CURRENT,28.85,29.0,28.31,28.85,-0.83,https://english.mubasher.info/markets/EGX/stocks/ALCN,28.85,0.83,ALIGNED
2026-06-16T12:52:53.671141+00:00,ACGC.CA,ACGC.CA,Textiles,9.45,986839.0,9285703.0,Mubasher delayed stock page,Yahoo Finance history + Mubasher delayed current trading data,01:29 PM market time,DELAYED_CURRENT,9.37,9.48,9.37,9.37,0.85,https://english.mubasher.info/markets/EGX/stocks/ACGC,9.37,0.85,ALIGNED
2026-06-16T12:52:53.671141+00:00,KZPC.CA,KZPC.CA,General / Verified EGX Expansion,10.58,170599.0,1805195.63,Mubasher delayed stock page,Yahoo Finance history + Mubasher delayed current trading data,01:25 PM market time,DELAYED_CURRENT,10.54,10.63,10.54,10.54,0.38,https://english.mubasher.info/markets/EGX/stocks/KZPC,10.54,0.38,ALIGNED
2026-06-16T12:52:53.671141+00:00,RAYA.CA,RAYA.CA,Technology & Distribution,6.98,12634260.0,88249224.0,Mubasher delayed stock page,Yahoo Finance history + Mubasher delayed current trading data,01:29 PM market time,DELAYED_CURRENT,7.0,7.11,6.8,7.0,0.14,https://english.mubasher.info/markets/EGX/stocks/RAYA,7.0,0.29,ALIGNED
2026-06-16T12:52:53.671141+00:00,SEIG.CA,SEIG.CA,General / Verified EGX Expansion,183.39,8640.0,1580838.75,Mubasher delayed stock page,Yahoo Finance history + Mubasher delayed current trading data,01:29 PM market time,DELAYED_CURRENT,181.31,184.7,181.35,181.31,1.15,https://english.mubasher.info/markets/EGX/stocks/SEIG,181.31,1.15,ALIGNED
2026-06-16T12:52:53.671141+00:00,EDFM.CA,EDFM.CA,General / Verified EGX Expansion,331.68,3785.0,1270632.88,Mubasher delayed stock page,Yahoo Finance history + Mubasher delayed current trading data,01:11 PM market time,DELAYED_CURRENT,334.03,342.0,331.0,334.03,-0.7,https://english.mubasher.info/markets/EGX/stocks/EDFM,334.03,0.7,ALIGNED
2026-06-16T12:52:53.671141+00:00,GMCI.CA,GMCI.CA,General / Verified EGX Expansion,1.79,310898.0,555000.06,Mubasher delayed stock page,Yahoo Finance history + Mubasher delayed current trading data,01:07 PM market time,DELAYED_CURRENT,1.78,1.84,1.74,1.78,0.56,https://english.mubasher.info/markets/EGX/stocks/GMCI,1.78,0.56,ALIGNED
2026-06-16T12:52:53.671141+00:00,MIPH.CA,MIPH.CA,Healthcare,664.14,2709.0,1802889.13,Mubasher delayed stock page,Yahoo Finance history + Mubasher delayed current trading data,01:09 PM market time,DELAYED_CURRENT,662.15,670.0,654.0,662.15,0.3,https://english.mubasher.info/markets/EGX/stocks/MIPH,662.15,0.3,ALIGNED
2026-06-16T12:52:53.671141+00:00,BIOC.CA,BIOC.CA,General / Verified EGX Expansion,71.82,39903.0,2849739.5,Mubasher delayed stock page,Yahoo Finance history + Mubasher delayed current trading data,01:29 PM market time,DELAYED_CURRENT,70.84,72.25,70.0,70.84,1.38,https://english.mubasher.info/markets/EGX/stocks/BIOC,70.84,1.38,ALIGNED
2026-06-16T12:52:53.671141+00:00,SAUD.CA,SAUD.CA,Banking & Financials,21.96,245010.0,5365095.5,Mubasher delayed stock page,Yahoo Finance history + Mubasher delayed current trading data,01:14 PM market time,DELAYED_CURRENT,22.0,22.0,21.72,22.0,-0.18,https://english.mubasher.info/markets/EGX/stocks/SAUD,22.0,0.18,ALIGNED
2026-06-16T12:52:53.671141+00:00,CNFN.CA,CNFN.CA,Non-bank Financial Services,4.41,1676362.0,7421893.5,Mubasher delayed stock page,Yahoo Finance history + Mubasher delayed current trading data,01:28 PM market time,DELAYED_CURRENT,4.42,4.49,4.4,4.42,-0.45,https://english.mubasher.info/markets/EGX/stocks/CNFN,4.42,0.23,ALIGNED
2026-06-16T12:52:53.671141+00:00,SUGR.CA,SUGR.CA,"Food, Beverages & Tobacco",48.64,63373.0,3080752.75,Mubasher delayed stock page,Yahoo Finance history + Mubasher delayed current trading data,01:14 PM market time,DELAYED_CURRENT,48.54,48.87,48.41,48.54,0.21,https://english.mubasher.info/markets/EGX/stocks/SUGR,48.54,0.21,ALIGNED
2026-06-16T12:52:53.671141+00:00,NEDA.CA,NEDA.CA,General / Verified EGX Expansion,2.81,135160.0,379562.5,Mubasher delayed stock page,Yahoo Finance history + Mubasher delayed current trading data,01:29 PM market time,DELAYED_CURRENT,2.75,2.82,2.78,2.75,2.18,https://english.mubasher.info/markets/EGX/stocks/NEDA,2.75,2.18,ALIGNED
2026-06-16T12:52:53.671141+00:00,RUBX.CA,RUBX.CA,General / Verified EGX Expansion,9.96,626090.0,6278243.0,Mubasher delayed stock page,Yahoo Finance history + Mubasher delayed current trading data,01:28 PM market time,DELAYED_CURRENT,9.86,10.2,9.8,9.86,1.01,https://english.mubasher.info/markets/EGX/stocks/RUBX,9.86,1.01,ALIGNED
2026-06-16T12:52:53.671141+00:00,CERA.CA,CERA.CA,General / Verified EGX Expansion,1.29,63324912.0,79653624.0,Mubasher delayed stock page,Yahoo Finance history + Mubasher delayed current trading data,01:29 PM market time,DELAYED_CURRENT_UNALIGNED,1.18,1.3,1.17,1.18,9.32,https://english.mubasher.info/markets/EGX/stocks/CERA,1.18,9.32,UNALIGNED_BLOCKED
2026-06-16T12:52:53.671141+00:00,EASB.CA,EASB.CA,General / Verified EGX Expansion,7.33,4223877.0,29375708.0,Mubasher delayed stock page,Yahoo Finance history + Mubasher delayed current trading data,01:25 PM market time,DELAYED_CURRENT_UNALIGNED,6.11,7.33,5.9,6.11,19.97,https://english.mubasher.info/markets/EGX/stocks/EASB,6.11,19.97,UNALIGNED_BLOCKED
2026-06-16T12:52:53.671141+00:00,UNIP.CA,UNIP.CA,General / Verified EGX Expansion,0.34,232793776.0,79503496.0,Mubasher delayed stock page,Yahoo Finance history + Mubasher delayed current trading data,01:26 PM market time,DELAYED_CURRENT_UNALIGNED,0.32,0.35,0.33,0.32,4.35,https://english.mubasher.info/markets/EGX/stocks/UNIP,0.32,6.25,UNALIGNED_BLOCKED
2026-06-16T12:52:53.671141+00:00,ZEOT.CA,ZEOT.CA,General / Verified EGX Expansion,11.28,18582643.0,197242000.0,Mubasher delayed stock page,Yahoo Finance history + Mubasher delayed current trading data,01:29 PM market time,DELAYED_CURRENT_UNALIGNED,9.4,11.28,9.47,9.4,20.0,https://english.mubasher.info/markets/EGX/stocks/ZEOT,9.4,20.0,UNALIGNED_BLOCKED
2026-06-16T12:52:53.671141+00:00,CEFM.CA,CEFM.CA,General / Verified EGX Expansion,103.68,17616.0,1844887.88,Mubasher delayed stock page,Yahoo Finance history + Mubasher delayed current trading data,01:25 PM market time,DELAYED_CURRENT,103.48,106.5,103.51,103.48,0.19,https://english.mubasher.info/markets/EGX/stocks/CEFM,103.48,0.19,ALIGNED
2026-06-16T12:52:53.671141+00:00,NINH.CA,NINH.CA,General / Verified EGX Expansion,17.69,104564.0,1816454.25,Mubasher delayed stock page,Yahoo Finance history + Mubasher delayed current trading data,01:14 PM market time,DELAYED_CURRENT,17.36,17.85,17.03,17.36,1.9,https://english.mubasher.info/markets/EGX/stocks/NINH,17.36,1.9,ALIGNED
2026-06-16T12:52:53.671141+00:00,AXPH.CA,AXPH.CA,General / Verified EGX Expansion,1081.84,1556.0,1725123.5,Mubasher delayed stock page,Yahoo Finance history + Mubasher delayed current trading data,01:25 PM market time,DELAYED_CURRENT,1121.32,1137.9,1073.0,1121.32,-3.52,https://english.mubasher.info/markets/EGX/stocks/AXPH,1121.32,3.52,ALIGNED
2026-06-16T12:52:53.671141+00:00,FAIT.CA,FAIT.CA,Banking & Financials,37.21,37158.0,1377505.0,Mubasher delayed stock page,Yahoo Finance history + Mubasher delayed current trading data,01:13 PM market time,DELAYED_CURRENT,37.42,37.42,36.05,37.42,-0.56,https://english.mubasher.info/markets/EGX/stocks/FAIT,37.42,0.56,ALIGNED
2026-06-16T12:52:53.671141+00:00,CPCI.CA,CPCI.CA,General / Verified EGX Expansion,362.52,4289.0,1554902.13,Mubasher delayed stock page,Yahoo Finance history + Mubasher delayed current trading data,01:27 PM market time,DELAYED_CURRENT,362.32,364.44,362.28,362.32,0.06,https://english.mubasher.info/markets/EGX/stocks/CPCI,362.32,0.06,ALIGNED
2026-06-16T12:52:53.671141+00:00,AMOC.CA,AMOC.CA,Energy & Petrochemicals,7.85,4042362.0,31812788.0,Mubasher delayed stock page,Yahoo Finance history + Mubasher delayed current trading data,01:29 PM market time,DELAYED_CURRENT,7.81,7.97,7.81,7.81,0.51,https://english.mubasher.info/markets/EGX/stocks/AMOC,7.81,0.51,ALIGNED
2026-06-16T12:52:53.671141+00:00,EKHO.CA,EKHO.CA,Energy & Petrochemicals,0.67,0.0,0.0,Yahoo Finance,Yahoo Finance,2026-06-14T21:00:00+00:00,FRESH,,,,,,,,,
2026-06-16T12:52:53.671141+00:00,ELNA.CA,ELNA.CA,General / Verified EGX Expansion,39.45,15010.0,578597.13,Mubasher delayed stock page,Yahoo Finance history + Mubasher delayed current trading data,01:12 PM market time,DELAYED_CURRENT,37.74,39.62,37.5,37.74,4.53,https://english.mubasher.info/markets/EGX/stocks/ELNA,37.74,4.53,ALIGNED
2026-06-16T12:52:53.671141+00:00,IFAP.CA,IFAP.CA,Agriculture & Food Production,19.37,140778.0,2734879.25,Mubasher delayed stock page,Yahoo Finance history + Mubasher delayed current trading data,01:25 PM market time,DELAYED_CURRENT,19.51,19.6,19.3,19.51,-0.72,https://english.mubasher.info/markets/EGX/stocks/IFAP,19.51,0.72,ALIGNED
2026-06-16T12:52:53.671141+00:00,ETEL.CA,ETEL.CA,Telecommunications,92.65,793263.0,73687536.0,Mubasher delayed stock page,Yahoo Finance history + Mubasher delayed current trading data,01:28 PM market time,DELAYED_CURRENT,93.0,93.7,92.31,93.0,0.0,https://english.mubasher.info/markets/EGX/stocks/ETEL,93.0,0.38,ALIGNED
2026-06-16T12:52:53.671141+00:00,CAED.CA,CAED.CA,General / Verified EGX Expansion,70.8,17673.0,1246551.63,Mubasher delayed stock page,Yahoo Finance history + Mubasher delayed current trading data,01:14 PM market time,DELAYED_CURRENT,71.04,71.8,69.92,71.04,-0.34,https://english.mubasher.info/markets/EGX/stocks/CAED,71.04,0.34,ALIGNED
2026-06-16T12:52:53.671141+00:00,LCSW.CA,LCSW.CA,Building Materials,26.89,239613.0,6496813.5,Mubasher delayed stock page,Yahoo Finance history + Mubasher delayed current trading data,01:25 PM market time,DELAYED_CURRENT,26.6,27.39,26.66,26.6,2.26,https://english.mubasher.info/markets/EGX/stocks/LCSW,26.6,1.09,ALIGNED
2026-06-16T12:52:53.671141+00:00,PRDC.CA,PRDC.CA,Real Estate,7.82,25878850.0,195573600.0,Mubasher delayed stock page,Yahoo Finance history + Mubasher delayed current trading data,01:29 PM market time,DELAYED_CURRENT_UNALIGNED,6.67,8.0,6.6,6.67,17.24,https://english.mubasher.info/markets/EGX/stocks/PRDC,6.67,17.24,UNALIGNED_BLOCKED
2026-06-16T12:52:53.671141+00:00,SMFR.CA,SMFR.CA,General / Verified EGX Expansion,203.84,4343.0,888619.44,Mubasher delayed stock page,Yahoo Finance history + Mubasher delayed current trading data,01:10 PM market time,DELAYED_CURRENT,204.19,206.0,203.17,204.19,-0.17,https://english.mubasher.info/markets/EGX/stocks/SMFR,204.19,0.17,ALIGNED
2026-06-16T12:52:53.671141+00:00,AFMC.CA,AFMC.CA,General / Verified EGX Expansion,71.23,11660.0,833926.0,Mubasher delayed stock page,Yahoo Finance history + Mubasher delayed current trading data,01:12 PM market time,DELAYED_CURRENT,71.35,72.0,71.0,71.35,-0.17,https://english.mubasher.info/markets/EGX/stocks/AFMC,71.35,0.17,ALIGNED
2026-06-16T12:52:53.671141+00:00,FWRY.CA,FWRY.CA,Fintech & Payments,18.83,11674583.0,219877104.0,Mubasher delayed stock page,Yahoo Finance history + Mubasher delayed current trading data,01:29 PM market time,DELAYED_CURRENT,18.74,19.07,18.62,18.74,0.8,https://english.mubasher.info/markets/EGX/stocks/FWRY,18.74,0.48,ALIGNED
2026-06-16T12:52:53.671141+00:00,OIH.CA,OIH.CA,Investment Holding,1.37,10031487.0,13783203.0,Mubasher delayed stock page,Yahoo Finance history + Mubasher delayed current trading data,01:25 PM market time,DELAYED_CURRENT,1.37,1.38,1.36,1.37,0.0,https://english.mubasher.info/markets/EGX/stocks/OIH,1.37,0.0,ALIGNED
2026-06-16T12:52:53.671141+00:00,ABUK.CA,ABUK.CA,Basic Resources & Chemicals,71.71,2102567.0,151040992.0,Mubasher delayed stock page,Yahoo Finance history + Mubasher delayed current trading data,01:29 PM market time,DELAYED_CURRENT,72.74,73.43,71.06,72.74,-2.17,https://english.mubasher.info/markets/EGX/stocks/ABUK,72.74,1.42,ALIGNED
2026-06-16T12:52:53.671141+00:00,EGAL.CA,EGAL.CA,Basic Resources & Chemicals,298.99,118398.0,35495908.0,Mubasher delayed stock page,Yahoo Finance history + Mubasher delayed current trading data,01:29 PM market time,DELAYED_CURRENT,299.0,303.0,298.1,299.0,0.0,https://english.mubasher.info/markets/EGX/stocks/EGAL,299.0,0.0,ALIGNED
2026-06-16T12:52:53.671141+00:00,MFPC.CA,MFPC.CA,Basic Resources & Chemicals,37.13,2285196.0,84989952.0,Mubasher delayed stock page,Yahoo Finance history + Mubasher delayed current trading data,01:29 PM market time,DELAYED_CURRENT,37.4,37.7,37.02,37.4,-0.61,https://english.mubasher.info/markets/EGX/stocks/MFPC,37.4,0.72,ALIGNED
2026-06-16T12:52:53.671141+00:00,EGBE.CA,EGBE.CA,Banking & Financials,0.44,128236.0,56037.59,Mubasher delayed stock page,Yahoo Finance history + Mubasher delayed current trading data,01:14 PM market time,DELAYED_CURRENT,0.43,0.44,0.43,0.43,1.62,https://english.mubasher.info/markets/EGX/stocks/EGBE,0.43,2.33,ALIGNED
2026-06-16T12:52:53.671141+00:00,AJWA.CA,AJWA.CA,General / Verified EGX Expansion,181.0,326899.0,59275172.0,Mubasher delayed stock page,Yahoo Finance history + Mubasher delayed current trading data,01:28 PM market time,DELAYED_CURRENT_UNALIGNED,170.69,188.5,172.98,170.69,6.63,https://english.mubasher.info/markets/EGX/stocks/AJWA,170.69,6.04,UNALIGNED_BLOCKED
2026-06-16T12:52:53.671141+00:00,EPPK.CA,EPPK.CA,General / Verified EGX Expansion,12.34,59388.0,723811.25,Mubasher delayed stock page,Yahoo Finance history + Mubasher delayed current trading data,01:14 PM market time,DELAYED_CURRENT,11.86,12.45,11.75,11.86,4.05,https://english.mubasher.info/markets/EGX/stocks/EPPK,11.86,4.05,ALIGNED
2026-06-16T12:52:53.671141+00:00,MOIL.CA,MOIL.CA,Energy & Petrochemicals,0.47,77283.0,36374.89,Mubasher delayed stock page,Yahoo Finance history + Mubasher delayed current trading data,01:29 PM market time,DELAYED_CURRENT,0.47,0.47,0.47,0.47,-0.21,https://english.mubasher.info/markets/EGX/stocks/MOIL,0.47,0.0,ALIGNED
2026-06-16T12:52:53.671141+00:00,SCTS.CA,SCTS.CA,Education,600.65,6499.0,3854715.0,Mubasher delayed stock page,Yahoo Finance history + Mubasher delayed current trading data,01:12 PM market time,DELAYED_CURRENT,605.92,612.0,565.25,605.92,-0.87,https://english.mubasher.info/markets/EGX/stocks/SCTS,605.92,0.87,ALIGNED
2026-06-16T12:52:53.671141+00:00,RACC.CA,RACC.CA,General / Verified EGX Expansion,9.69,417281.0,4075798.5,Mubasher delayed stock page,Yahoo Finance history + Mubasher delayed current trading data,01:26 PM market time,DELAYED_CURRENT,9.68,9.86,9.69,9.68,0.1,https://english.mubasher.info/markets/EGX/stocks/RACC,9.68,0.1,ALIGNED
2026-06-16T12:52:53.671141+00:00,SCFM.CA,SCFM.CA,General / Verified EGX Expansion,252.04,8165.0,2070150.25,Mubasher delayed stock page,Yahoo Finance history + Mubasher delayed current trading data,01:26 PM market time,DELAYED_CURRENT,253.42,258.0,251.58,253.42,-0.54,https://english.mubasher.info/markets/EGX/stocks/SCFM,253.42,0.54,ALIGNED
2026-06-16T12:52:53.671141+00:00,AMER.CA,AMER.CA,Real Estate,2.49,49695100.0,127204112.0,Mubasher delayed stock page,Yahoo Finance history + Mubasher delayed current trading data,01:29 PM market time,DELAYED_CURRENT_UNALIGNED,2.63,2.68,2.47,2.63,-5.32,https://english.mubasher.info/markets/EGX/stocks/AMER,2.63,5.32,UNALIGNED_BLOCKED
2026-06-16T12:52:53.671141+00:00,WKOL.CA,WKOL.CA,General / Verified EGX Expansion,289.05,6948.0,2023771.25,Mubasher delayed stock page,Yahoo Finance history + Mubasher delayed current trading data,01:14 PM market time,DELAYED_CURRENT,290.5,295.0,289.0,290.5,-0.5,https://english.mubasher.info/markets/EGX/stocks/WKOL,290.5,0.5,ALIGNED
2026-06-16T12:52:53.671141+00:00,NHPS.CA,NHPS.CA,General / Verified EGX Expansion,68.07,43310.0,2959701.5,Mubasher delayed stock page,Yahoo Finance history + Mubasher delayed current trading data,01:29 PM market time,DELAYED_CURRENT,67.72,69.0,68.0,67.72,0.52,https://english.mubasher.info/markets/EGX/stocks/NHPS,67.72,0.52,ALIGNED
2026-06-16T12:52:53.671141+00:00,MAAL.CA,MAAL.CA,General / Verified EGX Expansion,6.25,3763365.0,23033314.0,Mubasher delayed stock page,Yahoo Finance history + Mubasher delayed current trading data,01:29 PM market time,DELAYED_CURRENT_UNALIGNED,5.79,6.3,5.82,5.79,7.94,https://english.mubasher.info/markets/EGX/stocks/MAAL,5.79,7.94,UNALIGNED_BLOCKED
2026-06-16T12:52:53.671141+00:00,GRCA.CA,GRCA.CA,General / Verified EGX Expansion,53.35,26734.0,1428881.75,Mubasher delayed stock page,Yahoo Finance history + Mubasher delayed current trading data,01:29 PM market time,DELAYED_CURRENT,55.41,55.5,52.15,55.41,-3.72,https://english.mubasher.info/markets/EGX/stocks/GRCA,55.41,3.72,ALIGNED
2026-06-16T12:52:53.671141+00:00,DEIN.CA,DEIN.CA,General / Verified EGX Expansion,11.38,0.0,0.0,Yahoo Finance,Yahoo Finance,2026-06-14T21:00:00+00:00,FRESH,,,,,,,,,
2026-06-16T12:52:53.671141+00:00,TRTO.CA,TRTO.CA,General / Verified EGX Expansion,0.03,1343.0,45.66,Yahoo Finance,Yahoo Finance,2026-06-14T21:00:00+00:00,FRESH,,,,,,,,,
2026-06-16T12:52:53.671141+00:00,ELSH.CA,ELSH.CA,General / Verified EGX Expansion,13.62,18277477.0,249037072.0,Mubasher delayed stock page,Yahoo Finance history + Mubasher delayed current trading data,01:29 PM market time,DELAYED_CURRENT_UNALIGNED,12.96,13.99,12.85,12.96,5.4,https://english.mubasher.info/markets/EGX/stocks/ELSH,12.96,5.09,UNALIGNED_BLOCKED
2026-06-16T12:52:53.671141+00:00,RAKT.CA,RAKT.CA,General / Verified EGX Expansion,23.03,22616.0,517743.66,Mubasher delayed stock page,Yahoo Finance history + Mubasher delayed current trading data,01:12 PM market time,DELAYED_CURRENT,22.59,23.49,22.0,22.59,1.95,https://english.mubasher.info/markets/EGX/stocks/RAKT,22.59,1.95,ALIGNED
2026-06-16T12:52:53.671141+00:00,MCQE.CA,MCQE.CA,Building Materials,176.75,34484.0,6128940.0,Mubasher delayed stock page,Yahoo Finance history + Mubasher delayed current trading data,01:28 PM market time,DELAYED_CURRENT,178.81,180.5,176.4,178.81,-1.15,https://english.mubasher.info/markets/EGX/stocks/MCQE,178.81,1.15,ALIGNED
2026-06-16T12:52:53.671141+00:00,OCPH.CA,OCPH.CA,General / Verified EGX Expansion,344.0,6601.0,2273658.0,Mubasher delayed stock page,Yahoo Finance history + Mubasher delayed current trading data,01:14 PM market time,DELAYED_CURRENT,344.59,348.98,342.7,344.59,-0.17,https://english.mubasher.info/markets/EGX/stocks/OCPH,344.59,0.17,ALIGNED
2026-06-16T12:52:53.671141+00:00,MFSC.CA,MFSC.CA,General / Verified EGX Expansion,44.58,47843.0,2136019.0,Mubasher delayed stock page,Yahoo Finance history + Mubasher delayed current trading data,01:29 PM market time,DELAYED_CURRENT,45.52,46.3,44.0,45.52,-2.07,https://english.mubasher.info/markets/EGX/stocks/MFSC,45.52,2.07,ALIGNED
2026-06-16T12:52:53.671141+00:00,INFI.CA,INFI.CA,General / Verified EGX Expansion,98.53,25955.0,2557484.25,Mubasher delayed stock page,Yahoo Finance history + Mubasher delayed current trading data,01:29 PM market time,DELAYED_CURRENT,98.25,99.3,98.01,98.25,0.28,https://english.mubasher.info/markets/EGX/stocks/INFI,98.25,0.28,ALIGNED
2026-06-16T12:52:53.671141+00:00,UEFM.CA,UEFM.CA,General / Verified EGX Expansion,472.2,1003.0,473098.34,Mubasher delayed stock page,Yahoo Finance history + Mubasher delayed current trading data,01:13 PM market time,DELAYED_CURRENT,472.48,474.87,468.11,472.48,-0.06,https://english.mubasher.info/markets/EGX/stocks/UEFM,472.48,0.06,ALIGNED
2026-06-16T12:52:53.671141+00:00,NAHO.CA,NAHO.CA,General / Verified EGX Expansion,0.1,326449.0,33624.25,Yahoo Finance,Yahoo Finance,2026-06-14T21:00:00+00:00,FRESH,,,,,,,,,
2026-06-16T12:52:53.671141+00:00,ORAS.CA,ORAS.CA,Industrial Goods & Construction,785.0,203672.0,159794272.0,Mubasher delayed stock page,Yahoo Finance history + Mubasher delayed current trading data,01:29 PM market time,DELAYED_CURRENT_UNALIGNED,780.0,788.0,780.01,780.0,0.64,https://english.mubasher.info/markets/EGX/stocks/ORAS,71.05,1004.86,UNALIGNED_BLOCKED
2026-06-16T12:52:53.671141+00:00,MOIN.CA,MOIN.CA,General / Verified EGX Expansion,24.34,59497.0,1450905.63,Mubasher delayed stock page,Yahoo Finance history + Mubasher delayed current trading data,01:08 PM market time,DELAYED_CURRENT,24.88,24.97,24.3,24.88,-2.17,https://english.mubasher.info/markets/EGX/stocks/MOIN,24.88,2.17,ALIGNED
2026-06-16T12:52:53.671141+00:00,AMES.CA,AMES.CA,General / Verified EGX Expansion,48.9,8304.0,405761.78,Mubasher delayed stock page,Yahoo Finance history + Mubasher delayed current trading data,01:28 PM market time,DELAYED_CURRENT,48.88,49.3,48.6,48.88,0.04,https://english.mubasher.info/markets/EGX/stocks/AMES,48.88,0.04,ALIGNED
2026-06-16T12:52:53.671141+00:00,EGSA.CA,EGSA.CA,Telecommunications,8.78,1470.0,12908.61,Mubasher delayed stock page,Yahoo Finance history + Mubasher delayed current trading data,01:12 PM market time,DELAYED_CURRENT,8.74,8.83,8.72,8.74,0.46,https://english.mubasher.info/markets/EGX/stocks/EGSA,8.74,0.46,ALIGNED
2026-06-16T12:52:53.671141+00:00,APSW.CA,APSW.CA,General / Verified EGX Expansion,8.53,203512.0,1734798.5,Mubasher delayed stock page,Yahoo Finance history + Mubasher delayed current trading data,01:01 PM market time,DELAYED_CURRENT,8.6,8.66,8.5,8.6,-0.81,https://english.mubasher.info/markets/EGX/stocks/APSW,8.6,0.81,ALIGNED
2026-06-16T12:52:53.671141+00:00,FERC.CA,FERC.CA,Basic Resources & Chemicals,75.38,57890.0,4375087.5,Mubasher delayed stock page,Yahoo Finance history + Mubasher delayed current trading data,01:28 PM market time,DELAYED_CURRENT,76.0,76.59,75.34,76.0,-0.82,https://english.mubasher.info/markets/EGX/stocks/FERC,76.0,0.82,ALIGNED
2026-06-16T12:52:53.671141+00:00,GSSC.CA,GSSC.CA,General / Verified EGX Expansion,247.54,6058.0,1499170.88,Mubasher delayed stock page,Yahoo Finance history + Mubasher delayed current trading data,01:13 PM market time,DELAYED_CURRENT,248.31,249.0,246.1,248.31,-0.31,https://english.mubasher.info/markets/EGX/stocks/GSSC,248.31,0.31,ALIGNED
2026-06-16T12:52:53.671141+00:00,DOMT.CA,DOMT.CA,"Food, Beverages & Tobacco",24.47,26332.0,643355.75,Mubasher delayed stock page,Yahoo Finance history + Mubasher delayed current trading data,01:27 PM market time,DELAYED_CURRENT,24.35,24.5,24.26,24.35,0.49,https://english.mubasher.info/markets/EGX/stocks/DOMT,24.35,0.49,ALIGNED
2026-06-16T12:52:53.671141+00:00,DTPP.CA,DTPP.CA,General / Verified EGX Expansion,116.3,8316.0,972815.0,Mubasher delayed stock page,Yahoo Finance history + Mubasher delayed current trading data,01:14 PM market time,DELAYED_CURRENT,117.16,118.69,116.2,117.16,-0.73,https://english.mubasher.info/markets/EGX/stocks/DTPP,117.16,0.73,ALIGNED
2026-06-16T12:52:53.671141+00:00,SPIN.CA,SPIN.CA,Textiles,13.98,100102.0,1392024.5,Mubasher delayed stock page,Yahoo Finance history + Mubasher delayed current trading data,01:12 PM market time,DELAYED_CURRENT,14.03,14.12,13.3,14.03,-0.36,https://english.mubasher.info/markets/EGX/stocks/SPIN,14.03,0.36,ALIGNED
2026-06-16T12:52:53.671141+00:00,CICH.CA,CICH.CA,Non-bank Financial Services,11.53,134738.0,1558244.25,Mubasher delayed stock page,Yahoo Finance history + Mubasher delayed current trading data,01:25 PM market time,DELAYED_CURRENT,11.6,11.75,11.45,11.6,-0.6,https://english.mubasher.info/markets/EGX/stocks/CICH,11.6,0.6,ALIGNED
2026-06-16T12:52:53.671141+00:00,CFGH.CA,CFGH.CA,General / Verified EGX Expansion,0.1,42196.0,4303.99,Yahoo Finance,Yahoo Finance,2026-06-14T21:00:00+00:00,FRESH,,,,,,,,,
2026-06-16T12:52:53.671141+00:00,EFIC.CA,EFIC.CA,Basic Resources & Chemicals,204.02,6582.0,1346042.75,Mubasher delayed stock page,Yahoo Finance history + Mubasher delayed current trading data,01:13 PM market time,DELAYED_CURRENT,205.05,205.75,203.0,205.05,-0.5,https://english.mubasher.info/markets/EGX/stocks/EFIC,205.05,0.5,ALIGNED
2026-06-16T12:52:53.671141+00:00,WCDF.CA,WCDF.CA,General / Verified EGX Expansion,537.53,867.0,467109.78,Mubasher delayed stock page,Yahoo Finance history + Mubasher delayed current trading data,01:13 PM market time,DELAYED_CURRENT_UNALIGNED,507.59,544.99,530.11,507.59,5.9,https://english.mubasher.info/markets/EGX/stocks/WCDF,507.59,5.9,UNALIGNED_BLOCKED
