timestamp_utc,Ticker,Sector,Rank_Score,Sector_Rank,Flow_Regime,Market_Risk_Mode,Buy_Ready,Buy_Block_Reasons,Outlook_Label,Outlook_Score,Liquidity_Regime,Sector_Momentum,Risk_Notes,Current_Price,Daily_Liquidity_EGP,Liquidity_Source,Liquidity_Spike,RSI,Support_20D,Resistance_20D,Support_Distance_%,Resistance_Distance_%,Technical_Source_Status
2026-06-11T09:55:36.351979+00:00,ZMID.CA,Real Estate,24.5,2,MISSING,DEFENSIVE_NO_NEW_BUY,False,flow_or_market_gate=MISSING/DEFENSIVE_NO_NEW_BUY,BULLISH_WATCH,81.76,TRADEABLE,LEADING,liquidity is cooling; momentum is extended,6.12,100038992.0,Mubasher delayed stock page,0.43,62.1,5.77,6.57,6.07,7.35,ALIGNED
2026-06-11T09:55:36.351979+00:00,ANFI.CA,General / Verified EGX Expansion,24.26,5,MISSING,DEFENSIVE_NO_NEW_BUY,False,flow_or_market_gate=MISSING/DEFENSIVE_NO_NEW_BUY,BULLISH_WATCH,72.15,ACCUMULATION_SPIKE,IMPROVING,overheated RSI; far above support,19.75,168343687.25,Yahoo Finance,4.63,87.25,13.5,21.99,46.3,11.34,
2026-06-11T09:55:36.351979+00:00,GBCO.CA,Automotive & Distribution,23.95,1,MISSING,DEFENSIVE_NO_NEW_BUY,False,flow_or_market_gate=MISSING/DEFENSIVE_NO_NEW_BUY,CONSTRUCTIVE,68.87,TRADEABLE,LEADING,liquidity is cooling; overheated RSI,27.35,33105878.0,Mubasher delayed stock page,0.26,70.7,25.25,29.5,8.32,7.86,ALIGNED
2026-06-11T09:55:36.351979+00:00,EGAS.CA,Energy & Petrochemicals,23.18,3,MISSING,DEFENSIVE_NO_NEW_BUY,False,flow_or_market_gate=MISSING/DEFENSIVE_NO_NEW_BUY,BULLISH_WATCH,100.0,ACCUMULATION_SPIKE,LEADING,No major short-term scanner risk flags.,50.85,21183676.0,Mubasher delayed stock page,1.9,60.58,46.51,51.88,9.33,2.03,ALIGNED
2026-06-11T09:55:36.351979+00:00,EMFD.CA,Real Estate,22.5,2,MISSING,DEFENSIVE_NO_NEW_BUY,False,flow_or_market_gate=MISSING/DEFENSIVE_NO_NEW_BUY,CONSTRUCTIVE,61.76,TRADEABLE,LEADING,liquidity is cooling; overheated RSI,11.41,61993128.0,Mubasher delayed stock page,0.25,70.96,9.83,12.6,16.07,10.43,ALIGNED
2026-06-11T09:55:36.351979+00:00,ASPI.CA,General / Verified EGX Expansion,22.26,5,MISSING,DEFENSIVE_NO_NEW_BUY,False,flow_or_market_gate=MISSING/DEFENSIVE_NO_NEW_BUY,CONSTRUCTIVE,63.15,TRADEABLE,IMPROVING,liquidity is cooling; far above support; high short-term volatility,0.32,22913346.0,Mubasher delayed stock page,0.35,56.87,0.25,0.4,28.0,25.0,ALIGNED
2026-06-11T09:55:36.351979+00:00,MPCI.CA,General / Verified EGX Expansion,22.26,5,MISSING,DEFENSIVE_NO_NEW_BUY,False,flow_or_market_gate=MISSING/DEFENSIVE_NO_NEW_BUY,BULLISH_WATCH,84.15,TRADEABLE,IMPROVING,No major short-term scanner risk flags.,215.02,85532280.0,Mubasher delayed stock page,0.97,60.61,197.0,238.78,9.15,11.05,ALIGNED
2026-06-11T09:55:36.351979+00:00,SDTI.CA,General / Verified EGX Expansion,22.26,5,MISSING,DEFENSIVE_NO_NEW_BUY,False,flow_or_market_gate=MISSING/DEFENSIVE_NO_NEW_BUY,CONSTRUCTIVE,65.15,TRADEABLE,IMPROVING,liquidity is cooling; momentum is extended,46.5,10943130.0,Mubasher delayed stock page,0.56,62.1,43.4,47.88,7.14,2.97,ALIGNED
2026-06-11T09:55:36.351979+00:00,MTIE.CA,Automotive & Distribution,21.95,1,MISSING,DEFENSIVE_NO_NEW_BUY,False,flow_or_market_gate=MISSING/DEFENSIVE_NO_NEW_BUY,CONSTRUCTIVE,66.87,TRADEABLE,LEADING,liquidity is cooling; below MA20,8.82,10338428.0,Mubasher delayed stock page,0.52,52.42,8.71,9.9,1.26,12.24,ALIGNED
2026-06-11T09:55:36.351979+00:00,EAST.CA,"Food, Beverages & Tobacco",21.69,11,MISSING,DEFENSIVE_NO_NEW_BUY,False,flow_or_market_gate=MISSING/DEFENSIVE_NO_NEW_BUY,CONSTRUCTIVE,66.73,TRADEABLE,IMPROVING,liquidity is cooling; sector is not leading,38.77,11215177.0,Mubasher delayed stock page,0.17,57.19,37.01,39.9,4.76,2.91,ALIGNED
2026-06-11T09:55:36.351979+00:00,COPR.CA,General / Verified EGX Expansion,21.26,5,MISSING,DEFENSIVE_NO_NEW_BUY,False,flow_or_market_gate=MISSING/DEFENSIVE_NO_NEW_BUY,BULLISH_WATCH,76.15,TRADEABLE,IMPROVING,liquidity is cooling,0.36,12532731.0,Mubasher delayed stock page,0.31,60.0,0.32,0.38,12.5,5.56,ALIGNED
2026-06-11T09:55:36.351979+00:00,PRCL.CA,Building Materials,21.07,18,MISSING,DEFENSIVE_NO_NEW_BUY,False,flow_or_market_gate=MISSING/DEFENSIVE_NO_NEW_BUY,CONSTRUCTIVE,57.17,TRADEABLE,IMPROVING,liquidity is cooling; momentum is extended; sector is not leading,24.58,17874114.0,Mubasher delayed stock page,0.61,64.89,21.01,28.0,16.99,13.91,ALIGNED
2026-06-11T09:55:36.351979+00:00,OLFI.CA,"Food, Beverages & Tobacco",20.67,11,MISSING,DEFENSIVE_NO_NEW_BUY,False,flow_or_market_gate=MISSING/DEFENSIVE_NO_NEW_BUY,NEUTRAL,49.73,TRADEABLE,IMPROVING,overheated RSI; sector is not leading,21.92,28638762.0,Mubasher delayed stock page,1.49,74.37,21.0,22.8,4.38,4.01,ALIGNED
2026-06-11T09:55:36.351979+00:00,HELI.CA,Real Estate,20.5,2,MISSING,DEFENSIVE_NO_NEW_BUY,False,flow_or_market_gate=MISSING/DEFENSIVE_NO_NEW_BUY,CONSTRUCTIVE,65.76,TRADEABLE,LEADING,liquidity is cooling; below MA20,6.4,46904364.0,Mubasher delayed stock page,0.28,51.57,6.28,6.87,1.91,7.34,ALIGNED
2026-06-11T09:55:36.351979+00:00,ORHD.CA,Real Estate,20.5,2,MISSING,DEFENSIVE_NO_NEW_BUY,False,flow_or_market_gate=MISSING/DEFENSIVE_NO_NEW_BUY,BULLISH_WATCH,81.76,TRADEABLE,LEADING,liquidity is cooling; momentum is extended,36.48,78591808.0,Mubasher delayed stock page,0.41,66.67,33.0,39.61,10.55,8.58,ALIGNED
2026-06-11T09:55:36.351979+00:00,PHDC.CA,Real Estate,20.5,2,MISSING,DEFENSIVE_NO_NEW_BUY,False,flow_or_market_gate=MISSING/DEFENSIVE_NO_NEW_BUY,CONSTRUCTIVE,63.76,TRADEABLE,LEADING,liquidity is cooling; below MA20; momentum is extended,14.55,72778960.0,Mubasher delayed stock page,0.18,64.91,13.01,16.08,11.84,10.52,ALIGNED
2026-06-11T09:55:36.351979+00:00,AMER.CA,Real Estate,20.5,2,MISSING,DEFENSIVE_NO_NEW_BUY,False,flow_or_market_gate=MISSING/DEFENSIVE_NO_NEW_BUY,BULLISH_WATCH,71.76,TRADEABLE,LEADING,liquidity is cooling; below MA20,2.61,27878774.0,Mubasher delayed stock page,0.24,55.67,2.43,3.0,7.41,14.94,ALIGNED
2026-06-11T09:55:36.351979+00:00,EGTS.CA,Real Estate,20.5,2,MISSING,DEFENSIVE_NO_NEW_BUY,False,flow_or_market_gate=MISSING/DEFENSIVE_NO_NEW_BUY,CONSTRUCTIVE,55.76,TRADEABLE,LEADING,liquidity is cooling; below MA20; far above support; high short-term volatility,18.5,33206680.0,Mubasher delayed stock page,0.28,44.07,13.45,22.69,37.55,22.65,ALIGNED
2026-06-11T09:55:36.351979+00:00,ACAMD.CA,General / Verified EGX Expansion,20.26,5,MISSING,DEFENSIVE_NO_NEW_BUY,False,flow_or_market_gate=MISSING/DEFENSIVE_NO_NEW_BUY,BULLISH_WATCH,79.15,TRADEABLE,IMPROVING,liquidity is cooling,2.27,88352816.0,Mubasher delayed stock page,0.7,51.52,2.14,2.6,6.07,14.54,ALIGNED
2026-06-11T09:55:36.351979+00:00,ASCM.CA,General / Verified EGX Expansion,20.26,5,MISSING,DEFENSIVE_NO_NEW_BUY,False,flow_or_market_gate=MISSING/DEFENSIVE_NO_NEW_BUY,CONSTRUCTIVE,51.15,TRADEABLE,IMPROVING,liquidity is cooling; overheated RSI,54.92,16722088.0,Mubasher delayed stock page,0.24,71.93,47.3,59.85,16.11,8.98,ALIGNED
2026-06-11T09:55:36.351979+00:00,COSG.CA,General / Verified EGX Expansion,20.26,5,MISSING,DEFENSIVE_NO_NEW_BUY,False,flow_or_market_gate=MISSING/DEFENSIVE_NO_NEW_BUY,BULLISH_WATCH,71.15,TRADEABLE,IMPROVING,liquidity is cooling; momentum is extended,1.6,34750880.0,Mubasher delayed stock page,0.53,68.75,1.49,1.74,7.38,8.75,ALIGNED
2026-06-11T09:55:36.351979+00:00,EHDR.CA,General / Verified EGX Expansion,20.26,5,MISSING,DEFENSIVE_NO_NEW_BUY,False,flow_or_market_gate=MISSING/DEFENSIVE_NO_NEW_BUY,CONSTRUCTIVE,65.15,TRADEABLE,IMPROVING,liquidity is cooling; momentum is extended,2.69,41994280.0,Mubasher delayed stock page,0.79,68.82,2.25,2.87,19.56,6.69,ALIGNED
2026-06-11T09:55:36.351979+00:00,PRMH.CA,General / Verified EGX Expansion,20.26,5,MISSING,DEFENSIVE_NO_NEW_BUY,False,flow_or_market_gate=MISSING/DEFENSIVE_NO_NEW_BUY,CONSTRUCTIVE,61.15,TRADEABLE,IMPROVING,liquidity is cooling; momentum is extended; far above support,2.65,10346247.0,Mubasher delayed stock page,0.69,69.7,2.19,2.99,21.0,12.83,ALIGNED
2026-06-11T09:55:36.351979+00:00,ORWE.CA,Textiles,19.87,9,MISSING,DEFENSIVE_NO_NEW_BUY,False,flow_or_market_gate=MISSING/DEFENSIVE_NO_NEW_BUY,CONSTRUCTIVE,65.18,TRADEABLE,IMPROVING,liquidity is cooling; momentum is extended; sector is not leading,22.81,23593728.0,Mubasher delayed stock page,0.52,67.82,21.6,24.3,5.6,6.53,ALIGNED
2026-06-11T09:55:36.351979+00:00,JUFO.CA,"Food, Beverages & Tobacco",19.69,11,MISSING,DEFENSIVE_NO_NEW_BUY,False,flow_or_market_gate=MISSING/DEFENSIVE_NO_NEW_BUY,CONSTRUCTIVE,64.73,TRADEABLE,IMPROVING,liquidity is cooling; momentum is extended; sector is not leading,29.17,23912768.0,Mubasher delayed stock page,0.5,69.52,26.51,30.82,10.03,5.66,ALIGNED
2026-06-11T09:55:36.351979+00:00,MILS.CA,General / Verified EGX Expansion,19.41,5,MISSING,DEFENSIVE_NO_NEW_BUY,False,flow_or_market_gate=MISSING/DEFENSIVE_NO_NEW_BUY,BULLISH_WATCH,79.15,TRADEABLE,IMPROVING,liquidity is cooling,142.08,9151629.0,Mubasher delayed stock page,0.46,49.5,127.01,153.0,11.87,7.69,ALIGNED
2026-06-11T09:55:36.351979+00:00,ISMQ.CA,Basic Resources & Chemicals,19.38,19,MISSING,DEFENSIVE_NO_NEW_BUY,False,flow_or_market_gate=MISSING/DEFENSIVE_NO_NEW_BUY,CONSTRUCTIVE,56.0,TRADEABLE,LAGGING,momentum is extended; close to resistance; sector is not leading,8.13,67734960.0,Mubasher delayed stock page,1.19,65.14,7.27,8.26,11.83,1.6,ALIGNED
2026-06-11T09:55:36.351979+00:00,ADCI.CA,General / Verified EGX Expansion,19.3,5,MISSING,DEFENSIVE_NO_NEW_BUY,False,flow_or_market_gate=MISSING/DEFENSIVE_NO_NEW_BUY,CONSTRUCTIVE,64.15,TRADEABLE,IMPROVING,overheated RSI,222.33,8596431.0,Mubasher delayed stock page,1.22,70.52,202.22,228.8,9.94,2.91,ALIGNED
2026-06-11T09:55:36.351979+00:00,ELKA.CA,General / Verified EGX Expansion,19.26,5,MISSING,DEFENSIVE_NO_NEW_BUY,False,flow_or_market_gate=MISSING/DEFENSIVE_NO_NEW_BUY,CONSTRUCTIVE,52.15,TRADEABLE,IMPROVING,liquidity is cooling; overheated RSI,1.22,21009124.0,Mubasher delayed stock page,0.49,70.97,1.12,1.37,8.93,12.3,ALIGNED
2026-06-11T09:55:36.351979+00:00,ELSH.CA,General / Verified EGX Expansion,19.26,5,MISSING,DEFENSIVE_NO_NEW_BUY,False,flow_or_market_gate=MISSING/DEFENSIVE_NO_NEW_BUY,CONSTRUCTIVE,54.15,TRADEABLE,IMPROVING,overheated RSI; far above support; high short-term volatility,13.71,136544160.0,Mubasher delayed stock page,0.87,84.73,8.1,14.72,69.26,7.37,ALIGNED
2026-06-11T09:55:36.351979+00:00,MICH.CA,General / Verified EGX Expansion,19.26,5,MISSING,DEFENSIVE_NO_NEW_BUY,False,flow_or_market_gate=MISSING/DEFENSIVE_NO_NEW_BUY,BULLISH_WATCH,70.15,TRADEABLE,IMPROVING,overheated RSI,37.82,12797654.0,Mubasher delayed stock page,0.97,83.56,35.01,40.4,8.03,6.82,ALIGNED
2026-06-11T09:55:36.351979+00:00,MPCO.CA,Agriculture & Food Production,19.19,6,MISSING,DEFENSIVE_NO_NEW_BUY,False,flow_or_market_gate=MISSING/DEFENSIVE_NO_NEW_BUY,CONSTRUCTIVE,65.98,TRADEABLE,IMPROVING,liquidity is cooling; momentum is extended,1.72,27076068.0,Mubasher delayed stock page,0.37,65.38,1.54,1.93,11.69,12.21,ALIGNED
2026-06-11T09:55:36.351979+00:00,EEII.CA,General / Verified EGX Expansion,18.76,5,MISSING,DEFENSIVE_NO_NEW_BUY,False,flow_or_market_gate=MISSING/DEFENSIVE_NO_NEW_BUY,CONSTRUCTIVE,53.15,TRADEABLE,IMPROVING,liquidity is cooling; below MA20; momentum is extended,2.34,8496567.0,Mubasher delayed stock page,0.44,63.89,2.27,2.58,3.08,10.26,ALIGNED
2026-06-11T09:55:36.351979+00:00,ELNA.CA,General / Verified EGX Expansion,18.61,5,MISSING,DEFENSIVE_NO_NEW_BUY,False,flow_or_market_gate=MISSING/DEFENSIVE_NO_NEW_BUY,BULLISH_WATCH,90.15,TRADEABLE,IMPROVING,No major short-term scanner risk flags.,41.26,1348871.87,Yahoo Finance,4.09,60.24,37.11,42.79,11.18,3.71,
2026-06-11T09:55:36.351979+00:00,AMIA.CA,General / Verified EGX Expansion,18.54,5,MISSING,DEFENSIVE_NO_NEW_BUY,False,flow_or_market_gate=MISSING/DEFENSIVE_NO_NEW_BUY,BULLISH_WATCH,79.15,TRADEABLE,IMPROVING,liquidity is cooling,9.05,8276789.5,Mubasher delayed stock page,0.3,53.57,8.54,10.08,5.97,11.38,ALIGNED
2026-06-11T09:55:36.351979+00:00,CCAP.CA,Investment Holding,18.32,4,MISSING,DEFENSIVE_NO_NEW_BUY,False,flow_or_market_gate=MISSING/DEFENSIVE_NO_NEW_BUY,CONSTRUCTIVE,61.31,TRADEABLE,IMPROVING,liquidity is cooling; below MA20,5.19,319702528.0,Mubasher delayed stock page,0.38,48.45,4.7,5.78,10.43,11.37,ALIGNED
2026-06-11T09:55:36.351979+00:00,MASR.CA,General / Verified EGX Expansion,18.26,5,MISSING,DEFENSIVE_NO_NEW_BUY,False,flow_or_market_gate=MISSING/DEFENSIVE_NO_NEW_BUY,CONSTRUCTIVE,55.15,TRADEABLE,IMPROVING,liquidity is cooling; below MA20,6.68,50082024.0,Mubasher delayed stock page,0.78,51.38,6.63,7.34,0.75,9.88,ALIGNED
2026-06-11T09:55:36.351979+00:00,UEGC.CA,General / Verified EGX Expansion,18.26,5,MISSING,DEFENSIVE_NO_NEW_BUY,False,flow_or_market_gate=MISSING/DEFENSIVE_NO_NEW_BUY,CONSTRUCTIVE,53.15,TRADEABLE,IMPROVING,liquidity is cooling; below MA20; momentum is extended,1.37,10759139.0,Mubasher delayed stock page,0.39,66.67,1.3,1.58,5.38,15.33,ALIGNED
2026-06-11T09:55:36.351979+00:00,RMDA.CA,Healthcare,17.85,10,MISSING,DEFENSIVE_NO_NEW_BUY,False,flow_or_market_gate=MISSING/DEFENSIVE_NO_NEW_BUY,NEUTRAL,49.12,TRADEABLE,IMPROVING,liquidity is cooling; below MA20; sector is not leading,4.99,17712750.0,Mubasher delayed stock page,0.17,51.7,4.95,5.38,0.81,7.82,ALIGNED
2026-06-11T09:55:36.351979+00:00,ISPH.CA,Healthcare,17.85,10,MISSING,DEFENSIVE_NO_NEW_BUY,False,flow_or_market_gate=MISSING/DEFENSIVE_NO_NEW_BUY,NEUTRAL,47.12,TRADEABLE,IMPROVING,liquidity is cooling; below MA20; momentum is extended; sector is not leading,11.7,67050172.0,Mubasher delayed stock page,0.45,65.37,11.12,12.74,5.22,8.89,ALIGNED
2026-06-11T09:55:36.351979+00:00,NIPH.CA,Healthcare,17.85,10,MISSING,DEFENSIVE_NO_NEW_BUY,False,flow_or_market_gate=MISSING/DEFENSIVE_NO_NEW_BUY,CONSTRUCTIVE,55.12,TRADEABLE,IMPROVING,liquidity is cooling; below MA20; sector is not leading,159.11,28366176.0,Mubasher delayed stock page,0.25,57.19,155.1,183.0,2.59,15.01,ALIGNED
2026-06-11T09:55:36.351979+00:00,ENGC.CA,General / Verified EGX Expansion,17.53,5,MISSING,DEFENSIVE_NO_NEW_BUY,False,flow_or_market_gate=MISSING/DEFENSIVE_NO_NEW_BUY,BULLISH_WATCH,71.15,TRADEABLE,IMPROVING,liquidity is cooling; momentum is extended,33.93,7268708.5,Mubasher delayed stock page,0.52,66.59,32.31,35.7,5.01,5.22,ALIGNED
2026-06-11T09:55:36.351979+00:00,OCDI.CA,Real Estate,17.5,2,MISSING,DEFENSIVE_NO_NEW_BUY,False,flow_or_market_gate=MISSING/DEFENSIVE_NO_NEW_BUY;below_MA50,NEUTRAL,43.76,TRADEABLE,LEADING,liquidity is cooling; below MA20; below MA50,20.44,11936230.0,Mubasher delayed stock page,0.29,50.0,20.19,23.67,1.24,15.8,ALIGNED
2026-06-11T09:55:36.351979+00:00,SWDY.CA,Industrial Goods & Cables,17.47,14,MISSING,DEFENSIVE_NO_NEW_BUY,False,flow_or_market_gate=MISSING/DEFENSIVE_NO_NEW_BUY,NEUTRAL,48.17,TRADEABLE,IMPROVING,liquidity is cooling; below MA20; sector is not leading,84.6,13489384.0,Mubasher delayed stock page,0.51,47.96,85.25,90.77,-0.76,7.29,ALIGNED
2026-06-11T09:55:36.351979+00:00,EXPA.CA,Banking & Financials,17.34,15,MISSING,DEFENSIVE_NO_NEW_BUY,False,flow_or_market_gate=MISSING/DEFENSIVE_NO_NEW_BUY,NEUTRAL,47.85,TRADEABLE,IMPROVING,liquidity is cooling; below MA20; sector is not leading,18.49,13203287.0,Mubasher delayed stock page,0.34,51.28,18.34,20.09,0.82,8.65,ALIGNED
2026-06-11T09:55:36.351979+00:00,PRDC.CA,Real Estate,17.28,2,MISSING,DEFENSIVE_NO_NEW_BUY,False,flow_or_market_gate=MISSING/DEFENSIVE_NO_NEW_BUY,CONSTRUCTIVE,61.76,TRADEABLE,LEADING,liquidity is cooling; overheated RSI,6.0,4773158.5,Mubasher delayed stock page,0.24,70.63,5.3,6.34,13.21,5.67,ALIGNED
2026-06-11T09:55:36.351979+00:00,AREH.CA,General / Verified EGX Expansion,17.26,5,MISSING,DEFENSIVE_NO_NEW_BUY,False,flow_or_market_gate=MISSING/DEFENSIVE_NO_NEW_BUY,CONSTRUCTIVE,51.15,TRADEABLE,IMPROVING,liquidity is cooling; overheated RSI,1.45,13159197.0,Mubasher delayed stock page,0.5,80.65,1.27,1.57,14.17,8.28,ALIGNED
2026-06-11T09:55:36.351979+00:00,ETRS.CA,General / Verified EGX Expansion,17.26,5,MISSING,DEFENSIVE_NO_NEW_BUY,False,flow_or_market_gate=MISSING/DEFENSIVE_NO_NEW_BUY,NEUTRAL,47.15,TRADEABLE,IMPROVING,liquidity is cooling; overheated RSI; far above support,9.09,16582178.0,Mubasher delayed stock page,0.29,84.29,7.37,9.73,23.34,7.04,ALIGNED
2026-06-11T09:55:36.351979+00:00,ISMA.CA,General / Verified EGX Expansion,17.26,5,MISSING,DEFENSIVE_NO_NEW_BUY,False,flow_or_market_gate=MISSING/DEFENSIVE_NO_NEW_BUY,NEUTRAL,40.15,TRADEABLE,IMPROVING,overheated RSI; far above support; close to resistance,30.2,33448076.0,Mubasher delayed stock page,0.82,90.3,22.08,30.46,36.78,0.86,ALIGNED
2026-06-11T09:55:36.351979+00:00,LUTS.CA,General / Verified EGX Expansion,17.26,5,MISSING,DEFENSIVE_NO_NEW_BUY,False,flow_or_market_gate=MISSING/DEFENSIVE_NO_NEW_BUY,NEUTRAL,47.15,TRADEABLE,IMPROVING,liquidity is cooling; overheated RSI; far above support,0.65,14986940.0,Mubasher delayed stock page,0.77,75.95,0.54,0.69,20.37,6.15,ALIGNED
2026-06-11T09:55:36.351979+00:00,NCCW.CA,General / Verified EGX Expansion,17.26,5,MISSING,DEFENSIVE_NO_NEW_BUY,False,flow_or_market_gate=MISSING/DEFENSIVE_NO_NEW_BUY,NEUTRAL,47.15,TRADEABLE,IMPROVING,liquidity is cooling; overheated RSI; far above support,6.38,11004337.0,Mubasher delayed stock page,0.42,78.64,5.13,6.83,24.37,7.05,ALIGNED
2026-06-11T09:55:36.351979+00:00,RAYA.CA,Technology & Distribution,17.13,16,MISSING,DEFENSIVE_NO_NEW_BUY,False,flow_or_market_gate=MISSING/DEFENSIVE_NO_NEW_BUY,NEUTRAL,47.32,TRADEABLE,IMPROVING,liquidity is cooling; below MA20; sector is not leading,6.85,44607476.0,Mubasher delayed stock page,0.41,45.3,6.9,8.0,-0.72,16.79,ALIGNED
2026-06-11T09:55:36.351979+00:00,ARCC.CA,Building Materials,17.07,18,MISSING,DEFENSIVE_NO_NEW_BUY,False,flow_or_market_gate=MISSING/DEFENSIVE_NO_NEW_BUY,CONSTRUCTIVE,53.17,TRADEABLE,IMPROVING,liquidity is cooling; below MA20; sector is not leading,54.77,18684658.0,Mubasher delayed stock page,0.43,58.09,53.35,60.3,2.66,10.1,ALIGNED
2026-06-11T09:55:36.351979+00:00,EGCH.CA,Basic Resources & Chemicals,17.0,19,MISSING,DEFENSIVE_NO_NEW_BUY,False,flow_or_market_gate=MISSING/DEFENSIVE_NO_NEW_BUY,CONSTRUCTIVE,53.0,TRADEABLE,LAGGING,liquidity is cooling; below MA20; sector is not leading,13.94,18464666.0,Mubasher delayed stock page,0.16,51.46,13.18,15.37,5.77,10.26,ALIGNED
2026-06-11T09:55:36.351979+00:00,ARAB.CA,Real Estate,16.5,2,MISSING,DEFENSIVE_NO_NEW_BUY,False,flow_or_market_gate=MISSING/DEFENSIVE_NO_NEW_BUY;below_MA50,CONSTRUCTIVE,66.76,TRADEABLE,LEADING,liquidity is cooling; below MA20,0.2,35710684.0,Mubasher delayed stock page,0.43,57.69,0.19,0.22,5.26,10.0,ALIGNED
2026-06-11T09:55:36.351979+00:00,POUL.CA,"Food, Beverages & Tobacco",16.44,11,MISSING,DEFENSIVE_NO_NEW_BUY,False,flow_or_market_gate=MISSING/DEFENSIVE_NO_NEW_BUY,CONSTRUCTIVE,54.73,TRADEABLE,IMPROVING,liquidity is cooling; below MA20; sector is not leading,36.04,8749312.0,Mubasher delayed stock page,0.19,55.22,34.8,39.17,3.56,8.68,ALIGNED
2026-06-11T09:55:36.351979+00:00,AMOC.CA,Energy & Petrochemicals,16.38,3,MISSING,DEFENSIVE_NO_NEW_BUY,False,flow_or_market_gate=MISSING/DEFENSIVE_NO_NEW_BUY;below_MA50,WEAK_OR_RISKY,21.46,TRADEABLE,LEADING,liquidity is cooling; below MA20; below MA50; overheated RSI,8.0,44582904.0,Mubasher delayed stock page,0.58,36.17,8.09,9.15,-1.11,14.38,ALIGNED
2026-06-11T09:55:36.351979+00:00,TALM.CA,Education,16.21,8,MISSING,DEFENSIVE_NO_NEW_BUY,False,flow_or_market_gate=MISSING/DEFENSIVE_NO_NEW_BUY,CONSTRUCTIVE,65.61,TRADEABLE,IMPROVING,liquidity is cooling; momentum is extended; sector is not leading,15.88,4166140.75,Mubasher delayed stock page,0.33,62.57,15.12,16.94,5.03,6.68,ALIGNED
2026-06-11T09:55:36.351979+00:00,DSCW.CA,General / Verified EGX Expansion,16.17,5,MISSING,DEFENSIVE_NO_NEW_BUY,False,flow_or_market_gate=MISSING/DEFENSIVE_NO_NEW_BUY;below_MA50,WEAK_OR_RISKY,34.15,TRADEABLE,IMPROVING,liquidity is cooling; below MA20; below MA50,1.75,9908438.0,Mubasher delayed stock page,0.18,58.33,1.71,1.94,2.34,10.86,ALIGNED
2026-06-11T09:55:36.351979+00:00,UNIP.CA,General / Verified EGX Expansion,15.8,5,MISSING,DEFENSIVE_NO_NEW_BUY,False,flow_or_market_gate=MISSING/DEFENSIVE_NO_NEW_BUY,NEUTRAL,46.15,TRADEABLE,IMPROVING,liquidity is cooling; overheated RSI,0.32,9544023.0,Mubasher delayed stock page,0.5,83.02,0.28,0.34,14.29,6.25,ALIGNED
2026-06-11T09:55:36.351979+00:00,IRON.CA,Basic Resources & Chemicals,15.78,19,MISSING,DEFENSIVE_NO_NEW_BUY,False,flow_or_market_gate=MISSING/DEFENSIVE_NO_NEW_BUY;below_MA50,NEUTRAL,49.0,TRADEABLE,LAGGING,below MA50; sector is not leading,32.94,10645013.0,Mubasher delayed stock page,1.39,41.37,31.83,35.08,3.49,6.5,ALIGNED
2026-06-11T09:55:36.351979+00:00,MENA.CA,Real Estate,15.6,2,MISSING,DEFENSIVE_NO_NEW_BUY,False,flow_or_market_gate=MISSING/DEFENSIVE_NO_NEW_BUY,BULLISH_WATCH,83.76,TRADEABLE,LEADING,liquidity is cooling,6.7,3096041.75,Mubasher delayed stock page,0.19,59.57,5.83,7.75,14.92,15.67,ALIGNED
2026-06-11T09:55:36.351979+00:00,TMGH.CA,Real Estate,15.5,2,MISSING,DEFENSIVE_NO_NEW_BUY,False,flow_or_market_gate=MISSING/DEFENSIVE_NO_NEW_BUY,CONSTRUCTIVE,51.76,TRADEABLE,LEADING,liquidity is cooling; below MA20; weak RSI,93.78,141680352.0,Mubasher delayed stock page,0.3,32.91,91.87,101.4,2.08,8.13,ALIGNED
2026-06-11T09:55:36.351979+00:00,ELEC.CA,Industrial Goods & Cables,15.47,14,MISSING,DEFENSIVE_NO_NEW_BUY,False,flow_or_market_gate=MISSING/DEFENSIVE_NO_NEW_BUY;below_MA50,WEAK_OR_RISKY,21.17,TRADEABLE,IMPROVING,liquidity is cooling; below MA20; below MA50; sector is not leading,2.09,10671779.0,Mubasher delayed stock page,0.4,54.17,2.06,2.25,1.46,7.66,ALIGNED
2026-06-11T09:55:36.351979+00:00,CCRS.CA,General / Verified EGX Expansion,15.43,5,MISSING,DEFENSIVE_NO_NEW_BUY,False,flow_or_market_gate=MISSING/DEFENSIVE_NO_NEW_BUY,CONSTRUCTIVE,61.15,TRADEABLE,IMPROVING,liquidity is cooling; below MA20,2.39,7167914.5,Mubasher delayed stock page,0.26,60.0,2.16,2.7,10.65,12.97,ALIGNED
2026-06-11T09:55:36.351979+00:00,RACC.CA,General / Verified EGX Expansion,15.19,5,MISSING,DEFENSIVE_NO_NEW_BUY,False,flow_or_market_gate=MISSING/DEFENSIVE_NO_NEW_BUY,CONSTRUCTIVE,61.15,TRADEABLE,IMPROVING,liquidity is cooling; below MA20,9.78,6931035.0,Mubasher delayed stock page,0.47,44.06,9.54,10.56,2.52,7.98,ALIGNED
2026-06-11T09:55:36.351979+00:00,ODIN.CA,General / Verified EGX Expansion,15.04,5,MISSING,DEFENSIVE_NO_NEW_BUY,False,flow_or_market_gate=MISSING/DEFENSIVE_NO_NEW_BUY,BULLISH_WATCH,71.15,TRADEABLE,IMPROVING,liquidity is cooling; momentum is extended,2.03,4782726.5,Mubasher delayed stock page,0.45,66.67,1.89,2.19,7.41,7.88,ALIGNED
2026-06-11T09:55:36.351979+00:00,ROTO.CA,General / Verified EGX Expansion,15.02,5,MISSING,DEFENSIVE_NO_NEW_BUY,False,flow_or_market_gate=MISSING/DEFENSIVE_NO_NEW_BUY,CONSTRUCTIVE,61.15,TRADEABLE,IMPROVING,liquidity is cooling; below MA20,33.43,4759109.0,Mubasher delayed stock page,0.36,49.82,32.66,36.29,2.36,8.56,ALIGNED
2026-06-11T09:55:36.351979+00:00,ICID.CA,General / Verified EGX Expansion,14.98,5,MISSING,DEFENSIVE_NO_NEW_BUY,False,flow_or_market_gate=MISSING/DEFENSIVE_NO_NEW_BUY,NEUTRAL,41.15,TRADEABLE,IMPROVING,liquidity is cooling; overheated RSI; far above support,6.66,7716720.5,Mubasher delayed stock page,0.51,84.81,4.5,6.96,48.0,4.5,ALIGNED
2026-06-11T09:55:36.351979+00:00,EFID.CA,"Food, Beverages & Tobacco",14.69,11,MISSING,DEFENSIVE_NO_NEW_BUY,False,flow_or_market_gate=MISSING/DEFENSIVE_NO_NEW_BUY;below_MA50,WEAK_OR_RISKY,26.73,TRADEABLE,IMPROVING,liquidity is cooling; below MA20; below MA50; sector is not leading,27.37,14279254.0,Mubasher delayed stock page,0.19,51.39,27.49,29.4,-0.44,7.42,ALIGNED
2026-06-11T09:55:36.351979+00:00,ETEL.CA,Telecommunications,14.67,12,MISSING,DEFENSIVE_NO_NEW_BUY,False,flow_or_market_gate=MISSING/DEFENSIVE_NO_NEW_BUY;below_MA50,WEAK_OR_RISKY,4.67,TRADEABLE,IMPROVING,liquidity is cooling; below MA20; below MA50; overheated RSI,90.64,49165860.0,Mubasher delayed stock page,0.56,35.34,92.17,98.98,-1.66,9.2,ALIGNED
2026-06-11T09:55:36.351979+00:00,AALR.CA,General / Verified EGX Expansion,14.64,5,MISSING,DEFENSIVE_NO_NEW_BUY,False,flow_or_market_gate=MISSING/DEFENSIVE_NO_NEW_BUY,CONSTRUCTIVE,61.15,TRADEABLE,IMPROVING,liquidity is cooling; below MA20,205.0,6378130.0,Mubasher delayed stock page,0.78,50.99,195.1,233.0,5.07,13.66,ALIGNED
2026-06-11T09:55:36.351979+00:00,SPMD.CA,General / Verified EGX Expansion,14.52,5,MISSING,DEFENSIVE_NO_NEW_BUY,False,flow_or_market_gate=MISSING/DEFENSIVE_NO_NEW_BUY,CONSTRUCTIVE,53.15,TRADEABLE,IMPROVING,liquidity is cooling; below MA20; momentum is extended,0.41,6260803.5,Mubasher delayed stock page,0.25,62.77,0.38,0.44,7.89,7.32,ALIGNED
2026-06-11T09:55:36.351979+00:00,COMI.CA,Banking & Financials,14.34,15,MISSING,DEFENSIVE_NO_NEW_BUY,False,flow_or_market_gate=MISSING/DEFENSIVE_NO_NEW_BUY;below_MA50,WEAK_OR_RISKY,25.85,TRADEABLE,IMPROVING,liquidity is cooling; below MA20; below MA50; sector is not leading,131.25,251608384.0,Mubasher delayed stock page,0.38,48.17,129.8,139.99,1.12,6.66,ALIGNED
2026-06-11T09:55:36.351979+00:00,ADIB.CA,Banking & Financials,14.34,15,MISSING,DEFENSIVE_NO_NEW_BUY,False,flow_or_market_gate=MISSING/DEFENSIVE_NO_NEW_BUY;below_MA50,WEAK_OR_RISKY,25.85,TRADEABLE,IMPROVING,liquidity is cooling; below MA20; below MA50; sector is not leading,44.58,31641764.0,Mubasher delayed stock page,0.2,43.59,44.6,50.08,-0.04,12.34,ALIGNED
2026-06-11T09:55:36.351979+00:00,SAUD.CA,Banking & Financials,14.34,15,MISSING,DEFENSIVE_NO_NEW_BUY,False,flow_or_market_gate=MISSING/DEFENSIVE_NO_NEW_BUY;below_MA50,WEAK_OR_RISKY,8.85,TRADEABLE,IMPROVING,below MA20; below MA50; overheated RSI; sector is not leading,21.03,11702251.0,Mubasher delayed stock page,0.86,39.95,21.4,24.0,-1.73,14.12,ALIGNED
2026-06-11T09:55:36.351979+00:00,MPRC.CA,General / Verified EGX Expansion,14.27,5,MISSING,DEFENSIVE_NO_NEW_BUY,False,flow_or_market_gate=MISSING/DEFENSIVE_NO_NEW_BUY,CONSTRUCTIVE,53.15,TRADEABLE,IMPROVING,liquidity is cooling; below MA20; momentum is extended,31.85,4012444.0,Mubasher delayed stock page,0.18,62.67,30.61,34.55,4.05,8.48,ALIGNED
2026-06-11T09:55:36.351979+00:00,MCRO.CA,General / Verified EGX Expansion,14.26,5,MISSING,DEFENSIVE_NO_NEW_BUY,False,flow_or_market_gate=MISSING/DEFENSIVE_NO_NEW_BUY;below_MA50,WEAK_OR_RISKY,28.15,TRADEABLE,IMPROVING,liquidity is cooling; below MA20; below MA50,1.22,21909358.0,Mubasher delayed stock page,0.28,50.0,1.21,1.33,0.83,9.02,ALIGNED
2026-06-11T09:55:36.351979+00:00,MEPA.CA,General / Verified EGX Expansion,14.21,5,MISSING,DEFENSIVE_NO_NEW_BUY,False,flow_or_market_gate=MISSING/DEFENSIVE_NO_NEW_BUY,CONSTRUCTIVE,61.15,TRADEABLE,IMPROVING,liquidity is cooling; below MA20,1.68,5947379.0,Mubasher delayed stock page,0.32,51.85,1.63,1.84,3.07,9.52,ALIGNED
2026-06-11T09:55:36.351979+00:00,ALCN.CA,Transportation & Logistics,14.08,17,MISSING,DEFENSIVE_NO_NEW_BUY,False,flow_or_market_gate=MISSING/DEFENSIVE_NO_NEW_BUY;below_MA50,WEAK_OR_RISKY,30.2,TRADEABLE,IMPROVING,below MA20; below MA50; sector is not leading,28.58,17214750.0,Mubasher delayed stock page,0.87,41.72,28.17,30.3,1.46,6.02,ALIGNED
2026-06-11T09:55:36.351979+00:00,BINV.CA,Investment Holding,14.06,4,MISSING,DEFENSIVE_NO_NEW_BUY,False,flow_or_market_gate=MISSING/DEFENSIVE_NO_NEW_BUY,BULLISH_WATCH,71.31,TRADEABLE,IMPROVING,liquidity is cooling; momentum is extended,44.8,3740183.75,Mubasher delayed stock page,0.32,68.75,40.8,49.5,9.8,10.49,ALIGNED
2026-06-11T09:55:36.351979+00:00,ALUM.CA,General / Verified EGX Expansion,14.06,5,MISSING,DEFENSIVE_NO_NEW_BUY,False,flow_or_market_gate=MISSING/DEFENSIVE_NO_NEW_BUY,CONSTRUCTIVE,61.15,TRADEABLE,IMPROVING,liquidity is cooling; below MA20,23.62,3799673.75,Mubasher delayed stock page,0.18,51.48,22.93,26.44,3.01,11.94,ALIGNED
2026-06-11T09:55:36.351979+00:00,GGCC.CA,General / Verified EGX Expansion,13.99,5,MISSING,DEFENSIVE_NO_NEW_BUY,False,flow_or_market_gate=MISSING/DEFENSIVE_NO_NEW_BUY,CONSTRUCTIVE,56.15,TRADEABLE,IMPROVING,liquidity is cooling; below MA20,0.41,4725368.5,Mubasher delayed stock page,0.62,56.76,0.39,0.45,5.13,9.76,ALIGNED
2026-06-11T09:55:36.351979+00:00,MAAL.CA,General / Verified EGX Expansion,13.98,5,MISSING,DEFENSIVE_NO_NEW_BUY,False,flow_or_market_gate=MISSING/DEFENSIVE_NO_NEW_BUY,NEUTRAL,47.15,TRADEABLE,IMPROVING,liquidity is cooling; overheated RSI; far above support,5.69,6724777.5,Mubasher delayed stock page,0.5,90.42,4.44,6.19,28.15,8.79,ALIGNED
2026-06-11T09:55:36.351979+00:00,MCQE.CA,Building Materials,13.7,18,MISSING,DEFENSIVE_NO_NEW_BUY,False,flow_or_market_gate=MISSING/DEFENSIVE_NO_NEW_BUY;below_MA50,WEAK_OR_RISKY,3.17,TRADEABLE,IMPROVING,liquidity is cooling; below MA20; below MA50; overheated RSI,177.6,9636761.0,Mubasher delayed stock page,0.5,35.24,179.0,201.0,-0.78,13.18,ALIGNED
2026-06-11T09:55:36.351979+00:00,GDWA.CA,General / Verified EGX Expansion,13.67,5,MISSING,DEFENSIVE_NO_NEW_BUY,False,flow_or_market_gate=MISSING/DEFENSIVE_NO_NEW_BUY;below_MA50,CONSTRUCTIVE,50.15,TRADEABLE,IMPROVING,liquidity is cooling; below MA20,0.78,7407586.0,Mubasher delayed stock page,0.76,58.51,0.77,0.83,1.3,6.41,ALIGNED
2026-06-11T09:55:36.351979+00:00,OBRI.CA,General / Verified EGX Expansion,13.59,5,MISSING,DEFENSIVE_NO_NEW_BUY,False,flow_or_market_gate=MISSING/DEFENSIVE_NO_NEW_BUY;below_MA50,NEUTRAL,39.15,TRADEABLE,IMPROVING,liquidity is cooling; below MA20; below MA50,34.61,6329415.5,Mubasher delayed stock page,0.51,45.72,33.63,39.4,2.91,13.84,ALIGNED
2026-06-11T09:55:36.351979+00:00,SNFC.CA,General / Verified EGX Expansion,13.33,5,MISSING,DEFENSIVE_NO_NEW_BUY,False,flow_or_market_gate=MISSING/DEFENSIVE_NO_NEW_BUY,CONSTRUCTIVE,61.15,TRADEABLE,IMPROVING,liquidity is cooling; below MA20,12.1,5065782.0,Mubasher delayed stock page,0.19,43.11,11.68,12.99,3.6,7.36,ALIGNED
2026-06-11T09:55:36.351979+00:00,SVCE.CA,General / Verified EGX Expansion,13.26,5,MISSING,DEFENSIVE_NO_NEW_BUY,False,flow_or_market_gate=MISSING/DEFENSIVE_NO_NEW_BUY,NEUTRAL,35.15,TRADEABLE,IMPROVING,liquidity is cooling; below MA20; weak RSI,8.35,12834780.0,Mubasher delayed stock page,0.12,31.52,8.41,9.87,-0.71,18.2,ALIGNED
2026-06-11T09:55:36.351979+00:00,KZPC.CA,General / Verified EGX Expansion,13.16,5,MISSING,DEFENSIVE_NO_NEW_BUY,False,flow_or_market_gate=MISSING/DEFENSIVE_NO_NEW_BUY,CONSTRUCTIVE,53.15,TRADEABLE,IMPROVING,liquidity is cooling; below MA20; momentum is extended,10.61,4904240.0,Mubasher delayed stock page,0.37,64.0,10.3,11.6,3.01,9.33,ALIGNED
2026-06-11T09:55:36.351979+00:00,PHAR.CA,Healthcare,13.11,10,MISSING,DEFENSIVE_NO_NEW_BUY,False,flow_or_market_gate=MISSING/DEFENSIVE_NO_NEW_BUY;below_MA50,WEAK_OR_RISKY,27.12,TRADEABLE,IMPROVING,liquidity is cooling; below MA20; below MA50; sector is not leading,83.67,8260940.0,Mubasher delayed stock page,0.25,55.91,83.96,92.4,-0.35,10.43,ALIGNED
2026-06-11T09:55:36.351979+00:00,AJWA.CA,General / Verified EGX Expansion,13.08,5,MISSING,DEFENSIVE_NO_NEW_BUY,False,flow_or_market_gate=MISSING/DEFENSIVE_NO_NEW_BUY,CONSTRUCTIVE,51.15,TRADEABLE,IMPROVING,liquidity is cooling; overheated RSI,146.54,5823285.0,Mubasher delayed stock page,0.32,79.93,130.01,154.0,12.71,5.09,ALIGNED
2026-06-11T09:55:36.351979+00:00,MFSC.CA,General / Verified EGX Expansion,13.01,5,MISSING,DEFENSIVE_NO_NEW_BUY,False,flow_or_market_gate=MISSING/DEFENSIVE_NO_NEW_BUY,NEUTRAL,41.15,TRADEABLE,IMPROVING,liquidity is cooling; below MA20; weak RSI,45.7,9752411.0,Mubasher delayed stock page,0.63,15.3,43.0,65.6,6.28,43.54,ALIGNED
2026-06-11T09:55:36.351979+00:00,SKPC.CA,Basic Resources & Chemicals,13.0,19,MISSING,DEFENSIVE_NO_NEW_BUY,False,flow_or_market_gate=MISSING/DEFENSIVE_NO_NEW_BUY;below_MA50,WEAK_OR_RISKY,20.0,TRADEABLE,LAGGING,liquidity is cooling; below MA20; below MA50; sector is not leading,16.55,37540188.0,Mubasher delayed stock page,0.6,40.44,16.8,18.24,-1.49,10.21,ALIGNED
2026-06-11T09:55:36.351979+00:00,ATQA.CA,Basic Resources & Chemicals,13.0,19,MISSING,DEFENSIVE_NO_NEW_BUY,False,flow_or_market_gate=MISSING/DEFENSIVE_NO_NEW_BUY;below_MA50,WEAK_OR_RISKY,20.0,TRADEABLE,LAGGING,liquidity is cooling; below MA20; below MA50; sector is not leading,9.3,20580368.0,Mubasher delayed stock page,0.53,54.04,9.41,10.4,-1.17,11.83,ALIGNED
2026-06-11T09:55:36.351979+00:00,ECAP.CA,General / Verified EGX Expansion,12.93,5,MISSING,DEFENSIVE_NO_NEW_BUY,False,flow_or_market_gate=MISSING/DEFENSIVE_NO_NEW_BUY,CONSTRUCTIVE,50.15,TRADEABLE,IMPROVING,overheated RSI; close to resistance,31.98,5606764.0,Mubasher delayed stock page,1.03,89.66,28.7,32.39,11.43,1.28,ALIGNED
2026-06-11T09:55:36.351979+00:00,ACGC.CA,Textiles,12.87,9,MISSING,DEFENSIVE_NO_NEW_BUY,False,flow_or_market_gate=MISSING/DEFENSIVE_NO_NEW_BUY,NEUTRAL,35.18,TRADEABLE,IMPROVING,liquidity is cooling; below MA20; weak RSI; sector is not leading,9.18,15384033.0,Mubasher delayed stock page,0.26,31.86,8.6,10.86,6.74,18.3,ALIGNED
2026-06-11T09:55:36.351979+00:00,IDRE.CA,General / Verified EGX Expansion,12.8,5,MISSING,DEFENSIVE_NO_NEW_BUY,False,flow_or_market_gate=MISSING/DEFENSIVE_NO_NEW_BUY,CONSTRUCTIVE,61.15,TRADEABLE,IMPROVING,liquidity is cooling; below MA20,42.42,4543478.5,Mubasher delayed stock page,0.14,59.23,40.0,49.6,6.05,16.93,ALIGNED
2026-06-11T09:55:36.351979+00:00,CERA.CA,General / Verified EGX Expansion,12.79,5,MISSING,DEFENSIVE_NO_NEW_BUY,False,flow_or_market_gate=MISSING/DEFENSIVE_NO_NEW_BUY,CONSTRUCTIVE,56.15,TRADEABLE,IMPROVING,liquidity is cooling; below MA20,1.16,3527450.5,Mubasher delayed stock page,0.24,58.33,1.13,1.23,2.65,6.03,ALIGNED
2026-06-11T09:55:36.351979+00:00,CANA.CA,Banking & Financials,12.54,15,MISSING,DEFENSIVE_NO_NEW_BUY,False,flow_or_market_gate=MISSING/DEFENSIVE_NO_NEW_BUY;below_MA50,NEUTRAL,41.85,TRADEABLE,IMPROVING,liquidity is cooling; below MA50; momentum is extended; sector is not leading,35.81,4200027.0,Mubasher delayed stock page,0.28,63.4,34.07,39.45,5.11,10.16,ALIGNED
2026-06-11T09:55:36.351979+00:00,CSAG.CA,Transportation & Logistics,12.49,17,MISSING,DEFENSIVE_NO_NEW_BUY,False,flow_or_market_gate=MISSING/DEFENSIVE_NO_NEW_BUY,NEUTRAL,47.2,TRADEABLE,IMPROVING,liquidity is cooling; below MA20; sector is not leading,30.77,5411898.0,Mubasher delayed stock page,0.33,56.74,30.4,32.47,1.22,5.52,ALIGNED
2026-06-11T09:55:36.351979+00:00,OCPH.CA,General / Verified EGX Expansion,12.44,5,MISSING,DEFENSIVE_NO_NEW_BUY,False,flow_or_market_gate=MISSING/DEFENSIVE_NO_NEW_BUY,CONSTRUCTIVE,55.15,TRADEABLE,IMPROVING,liquidity is cooling; below MA20,343.3,4178167.25,Mubasher delayed stock page,0.49,40.19,346.01,409.0,-0.78,19.14,ALIGNED
2026-06-11T09:55:36.351979+00:00,AFDI.CA,General / Verified EGX Expansion,12.41,5,MISSING,DEFENSIVE_NO_NEW_BUY,False,flow_or_market_gate=MISSING/DEFENSIVE_NO_NEW_BUY,CONSTRUCTIVE,61.15,TRADEABLE,IMPROVING,liquidity is cooling; below MA20,41.33,4147819.5,Mubasher delayed stock page,0.23,60.02,40.0,46.7,3.33,12.99,ALIGNED
2026-06-11T09:55:36.351979+00:00,EFIH.CA,Fintech & Payments,12.4,21,MISSING,DEFENSIVE_NO_NEW_BUY,False,flow_or_market_gate=MISSING/DEFENSIVE_NO_NEW_BUY;below_MA50,WEAK_OR_RISKY,25.0,TRADEABLE,LAGGING,liquidity is cooling; below MA20; below MA50; sector is not leading,20.59,11790062.0,Mubasher delayed stock page,0.2,40.71,20.54,22.78,0.24,10.64,ALIGNED
2026-06-11T09:55:36.351979+00:00,FWRY.CA,Fintech & Payments,12.4,21,MISSING,DEFENSIVE_NO_NEW_BUY,False,flow_or_market_gate=MISSING/DEFENSIVE_NO_NEW_BUY;below_MA50,WEAK_OR_RISKY,3.0,TRADEABLE,LAGGING,liquidity is cooling; below MA20; below MA50; overheated RSI,17.94,195525808.0,Mubasher delayed stock page,0.69,36.41,18.01,21.0,-0.39,17.06,ALIGNED
2026-06-11T09:55:36.351979+00:00,MHOT.CA,Tourism & Leisure,12.1,7,MISSING,DEFENSIVE_NO_NEW_BUY,False,flow_or_market_gate=MISSING/DEFENSIVE_NO_NEW_BUY,CONSTRUCTIVE,60.85,TRADEABLE,IMPROVING,liquidity is cooling; below MA20,29.45,3958707.5,Mubasher delayed stock page,0.19,40.87,26.3,34.3,11.98,16.47,ALIGNED
2026-06-11T09:55:36.351979+00:00,ARVA.CA,General / Verified EGX Expansion,12.09,5,MISSING,DEFENSIVE_NO_NEW_BUY,False,flow_or_market_gate=MISSING/DEFENSIVE_NO_NEW_BUY,NEUTRAL,41.15,TRADEABLE,IMPROVING,liquidity is cooling; overheated RSI; far above support,11.05,4831399.0,Mubasher delayed stock page,0.2,76.32,7.71,11.57,43.32,4.71,ALIGNED
2026-06-11T09:55:36.351979+00:00,MBSC.CA,Building Materials,12.07,18,MISSING,DEFENSIVE_NO_NEW_BUY,False,flow_or_market_gate=MISSING/DEFENSIVE_NO_NEW_BUY,WEAK_OR_RISKY,33.17,TRADEABLE,IMPROVING,liquidity is cooling; below MA20; weak RSI; sector is not leading,270.96,24777338.0,Mubasher delayed stock page,0.52,24.23,261.52,295.0,3.61,8.87,ALIGNED
2026-06-11T09:55:36.351979+00:00,HRHO.CA,Non-bank Financial Services,11.97,20,MISSING,DEFENSIVE_NO_NEW_BUY,False,flow_or_market_gate=MISSING/DEFENSIVE_NO_NEW_BUY;below_MA50,WEAK_OR_RISKY,20.0,TRADEABLE,LAGGING,liquidity is cooling; below MA20; below MA50; sector is not leading,26.1,30374858.0,Mubasher delayed stock page,0.18,48.25,26.0,29.18,0.38,11.8,ALIGNED
2026-06-11T09:55:36.351979+00:00,BTFH.CA,Non-bank Financial Services,11.97,20,MISSING,DEFENSIVE_NO_NEW_BUY,False,flow_or_market_gate=MISSING/DEFENSIVE_NO_NEW_BUY;below_MA50,WEAK_OR_RISKY,20.0,TRADEABLE,LAGGING,liquidity is cooling; below MA20; below MA50; sector is not leading,3.02,77094528.0,Mubasher delayed stock page,0.33,49.06,3.03,3.32,-0.33,9.93,ALIGNED
2026-06-11T09:55:36.351979+00:00,CLHO.CA,Healthcare,11.66,10,MISSING,DEFENSIVE_NO_NEW_BUY,False,flow_or_market_gate=MISSING/DEFENSIVE_NO_NEW_BUY,NEUTRAL,49.12,TRADEABLE,IMPROVING,liquidity is cooling; below MA20; sector is not leading,14.72,3814104.25,Mubasher delayed stock page,0.11,40.07,14.8,16.85,-0.54,14.47,ALIGNED
2026-06-11T09:55:36.351979+00:00,UNIT.CA,Real Estate,11.61,2,MISSING,DEFENSIVE_NO_NEW_BUY,False,flow_or_market_gate=MISSING/DEFENSIVE_NO_NEW_BUY,BULLISH_WATCH,75.76,TRADEABLE,LEADING,liquidity is cooling; momentum is extended,13.52,1110060.5,Mubasher delayed stock page,0.1,66.58,12.07,15.8,12.01,16.86,ALIGNED
2026-06-11T09:55:36.351979+00:00,EKHO.CA,Energy & Petrochemicals,11.38,3,MISSING,DEFENSIVE_NO_NEW_BUY,False,flow_or_market_gate=MISSING/DEFENSIVE_NO_NEW_BUY;liquidity_below_min,WEAK_OR_RISKY,32.46,MISSING,LEADING,liquidity below minimum; liquidity is cooling; below MA20,0.67,0.0,Yahoo Finance,0.0,50.0,0.67,0.67,0.0,0.0,
2026-06-11T09:55:36.351979+00:00,CAED.CA,General / Verified EGX Expansion,11.06,5,MISSING,DEFENSIVE_NO_NEW_BUY,False,flow_or_market_gate=MISSING/DEFENSIVE_NO_NEW_BUY,WEAK_OR_RISKY,33.15,TRADEABLE,IMPROVING,liquidity is cooling; below MA20; overheated RSI,67.54,2803702.75,Mubasher delayed stock page,0.2,36.79,70.41,84.9,-4.08,25.7,ALIGNED
2026-06-11T09:55:36.351979+00:00,EASB.CA,General / Verified EGX Expansion,10.84,5,MISSING,DEFENSIVE_NO_NEW_BUY,False,flow_or_market_gate=MISSING/DEFENSIVE_NO_NEW_BUY;liquidity_below_min,NEUTRAL,38.15,THIN,IMPROVING,liquidity below minimum; liquidity is cooling,4.92,581585.81,Mubasher delayed stock page,0.52,57.14,4.61,5.14,6.72,4.47,ALIGNED
2026-06-11T09:55:36.351979+00:00,EBSC.CA,General / Verified EGX Expansion,10.76,5,MISSING,DEFENSIVE_NO_NEW_BUY,False,flow_or_market_gate=MISSING/DEFENSIVE_NO_NEW_BUY;liquidity_below_min,NEUTRAL,36.15,THIN,IMPROVING,liquidity below minimum; liquidity is cooling; momentum is extended,1.78,495635.13,Mubasher delayed stock page,0.18,69.23,1.64,2.09,8.54,17.42,ALIGNED
2026-06-11T09:55:36.351979+00:00,NEDA.CA,General / Verified EGX Expansion,10.62,5,MISSING,DEFENSIVE_NO_NEW_BUY,False,flow_or_market_gate=MISSING/DEFENSIVE_NO_NEW_BUY;liquidity_below_min,NEUTRAL,38.15,THIN,IMPROVING,liquidity below minimum; liquidity is cooling,2.79,357842.61,Yahoo Finance,0.77,57.69,2.65,2.87,5.28,2.87,
2026-06-11T09:55:36.351979+00:00,EGSA.CA,Telecommunications,10.56,12,MISSING,DEFENSIVE_NO_NEW_BUY,False,flow_or_market_gate=MISSING/DEFENSIVE_NO_NEW_BUY;liquidity_below_min,NEUTRAL,36.67,THIN,IMPROVING,liquidity below minimum; below MA20; sector is not leading,8.6,35930.8,Yahoo Finance,2.43,45.05,8.3,9.19,3.61,6.86,
2026-06-11T09:55:36.351979+00:00,WCDF.CA,General / Verified EGX Expansion,10.44,5,MISSING,DEFENSIVE_NO_NEW_BUY,False,flow_or_market_gate=MISSING/DEFENSIVE_NO_NEW_BUY;liquidity_below_min,WEAK_OR_RISKY,9.15,THIN,IMPROVING,liquidity below minimum; below MA20; overheated RSI,539.84,577628.83,Yahoo Finance,1.8,38.12,535.0,555.0,0.9,2.81,
2026-06-11T09:55:36.351979+00:00,OFH.CA,General / Verified EGX Expansion,10.4,5,MISSING,DEFENSIVE_NO_NEW_BUY,False,flow_or_market_gate=MISSING/DEFENSIVE_NO_NEW_BUY;below_MA50,WEAK_OR_RISKY,28.15,TRADEABLE,IMPROVING,liquidity is cooling; below MA20; below MA50,0.6,6143164.0,Mubasher delayed stock page,0.27,46.94,0.6,0.65,0.0,8.33,ALIGNED
2026-06-11T09:55:36.351979+00:00,EOSB.CA,General / Verified EGX Expansion,10.37,5,MISSING,DEFENSIVE_NO_NEW_BUY,False,flow_or_market_gate=MISSING/DEFENSIVE_NO_NEW_BUY;liquidity_below_min,NEUTRAL,49.15,THIN,IMPROVING,liquidity below minimum,1.42,114534.36,Yahoo Finance,0.95,50.0,1.34,1.53,5.97,7.75,
2026-06-11T09:55:36.351979+00:00,EALR.CA,General / Verified EGX Expansion,10.34,5,MISSING,DEFENSIVE_NO_NEW_BUY,False,flow_or_market_gate=MISSING/DEFENSIVE_NO_NEW_BUY,CONSTRUCTIVE,55.15,TRADEABLE,IMPROVING,liquidity is cooling; below MA20,351.81,2082184.25,Mubasher delayed stock page,0.37,52.5,346.01,392.0,1.68,11.42,ALIGNED
2026-06-11T09:55:36.351979+00:00,OIH.CA,Investment Holding,10.32,4,MISSING,DEFENSIVE_NO_NEW_BUY,False,flow_or_market_gate=MISSING/DEFENSIVE_NO_NEW_BUY;below_MA50,WEAK_OR_RISKY,13.31,TRADEABLE,IMPROVING,liquidity is cooling; below MA20; below MA50; weak RSI,1.36,14799135.0,Mubasher delayed stock page,0.14,29.63,1.35,1.56,0.74,14.71,ALIGNED
2026-06-11T09:55:36.351979+00:00,ADPC.CA,General / Verified EGX Expansion,10.26,5,MISSING,DEFENSIVE_NO_NEW_BUY,False,flow_or_market_gate=MISSING/DEFENSIVE_NO_NEW_BUY;below_MA50,WEAK_OR_RISKY,13.15,TRADEABLE,IMPROVING,liquidity is cooling; below MA20; below MA50; weak RSI,3.52,10428185.0,Mubasher delayed stock page,0.41,25.53,3.54,4.45,-0.56,26.42,ALIGNED
2026-06-11T09:55:36.351979+00:00,BIOC.CA,General / Verified EGX Expansion,10.09,5,MISSING,DEFENSIVE_NO_NEW_BUY,False,flow_or_market_gate=MISSING/DEFENSIVE_NO_NEW_BUY,CONSTRUCTIVE,55.15,TRADEABLE,IMPROVING,liquidity is cooling; below MA20,69.04,1832272.0,Mubasher delayed stock page,0.28,48.95,70.0,79.99,-1.37,15.86,ALIGNED
2026-06-11T09:55:36.351979+00:00,MOIN.CA,General / Verified EGX Expansion,9.92,5,MISSING,DEFENSIVE_NO_NEW_BUY,False,flow_or_market_gate=MISSING/DEFENSIVE_NO_NEW_BUY;liquidity_below_min,NEUTRAL,39.15,THIN,IMPROVING,liquidity below minimum; liquidity is cooling,25.01,656687.58,Yahoo Finance,0.4,55.47,24.02,26.4,4.12,5.56,
2026-06-11T09:55:36.351979+00:00,HDBK.CA,Banking & Financials,9.82,15,MISSING,DEFENSIVE_NO_NEW_BUY,False,flow_or_market_gate=MISSING/DEFENSIVE_NO_NEW_BUY;below_MA50,WEAK_OR_RISKY,25.85,TRADEABLE,IMPROVING,liquidity is cooling; below MA20; below MA50; sector is not leading,138.77,5480260.0,Mubasher delayed stock page,0.38,43.16,138.75,147.98,0.01,6.64,ALIGNED
2026-06-11T09:55:36.351979+00:00,SIPC.CA,General / Verified EGX Expansion,9.52,5,MISSING,DEFENSIVE_NO_NEW_BUY,False,flow_or_market_gate=MISSING/DEFENSIVE_NO_NEW_BUY;below_MA50,WEAK_OR_RISKY,31.15,TRADEABLE,IMPROVING,liquidity is cooling; below MA20; below MA50; momentum is extended,3.47,4264736.5,Mubasher delayed stock page,0.27,62.5,3.4,3.75,2.06,8.07,ALIGNED
2026-06-11T09:55:36.351979+00:00,WKOL.CA,General / Verified EGX Expansion,9.49,5,MISSING,DEFENSIVE_NO_NEW_BUY,False,flow_or_market_gate=MISSING/DEFENSIVE_NO_NEW_BUY,CONSTRUCTIVE,55.15,TRADEABLE,IMPROVING,liquidity is cooling; below MA20,294.45,1230803.0,Mubasher delayed stock page,0.29,58.14,290.0,324.0,1.53,10.04,ALIGNED
2026-06-11T09:55:36.351979+00:00,MOIL.CA,Energy & Petrochemicals,9.46,3,MISSING,DEFENSIVE_NO_NEW_BUY,False,flow_or_market_gate=MISSING/DEFENSIVE_NO_NEW_BUY;liquidity_below_min,WEAK_OR_RISKY,22.46,THIN,LEADING,liquidity below minimum; liquidity is cooling; below MA20; momentum is extended,0.47,75792.76,Mubasher delayed stock page,0.4,62.86,0.44,0.49,6.82,4.26,ALIGNED
2026-06-11T09:55:36.351979+00:00,AFMC.CA,General / Verified EGX Expansion,9.45,5,MISSING,DEFENSIVE_NO_NEW_BUY,False,flow_or_market_gate=MISSING/DEFENSIVE_NO_NEW_BUY,CONSTRUCTIVE,55.15,TRADEABLE,IMPROVING,liquidity is cooling; below MA20,69.45,1193716.5,Mubasher delayed stock page,0.16,42.35,69.33,80.89,0.17,16.47,ALIGNED
2026-06-11T09:55:36.351979+00:00,INFI.CA,General / Verified EGX Expansion,9.35,5,MISSING,DEFENSIVE_NO_NEW_BUY,False,flow_or_market_gate=MISSING/DEFENSIVE_NO_NEW_BUY,WEAK_OR_RISKY,28.15,TRADEABLE,IMPROVING,liquidity is cooling; below MA20; overheated RSI,97.82,2086031.38,Mubasher delayed stock page,0.13,36.87,98.0,112.5,-0.18,15.01,ALIGNED
2026-06-11T09:55:36.351979+00:00,SEIG.CA,General / Verified EGX Expansion,9.34,5,MISSING,DEFENSIVE_NO_NEW_BUY,False,flow_or_market_gate=MISSING/DEFENSIVE_NO_NEW_BUY,CONSTRUCTIVE,61.15,TRADEABLE,IMPROVING,liquidity is cooling; below MA20,182.3,1079490.5,Mubasher delayed stock page,0.2,58.72,173.35,205.7,5.16,12.84,ALIGNED
2026-06-11T09:55:36.351979+00:00,KABO.CA,Textiles,9.33,9,MISSING,DEFENSIVE_NO_NEW_BUY,False,flow_or_market_gate=MISSING/DEFENSIVE_NO_NEW_BUY;below_MA50,WEAK_OR_RISKY,28.18,TRADEABLE,IMPROVING,liquidity is cooling; below MA20; below MA50; sector is not leading,6.04,5454980.5,Mubasher delayed stock page,0.26,57.43,5.92,6.56,2.03,8.61,ALIGNED
2026-06-11T09:55:36.351979+00:00,RAKT.CA,General / Verified EGX Expansion,9.3,5,MISSING,DEFENSIVE_NO_NEW_BUY,False,flow_or_market_gate=MISSING/DEFENSIVE_NO_NEW_BUY;liquidity_below_min;below_MA50,WEAK_OR_RISKY,16.15,THIN,IMPROVING,liquidity below minimum; below MA20; below MA50,23.11,562312.53,Yahoo Finance,2.24,44.98,22.1,25.0,4.57,8.18,
2026-06-11T09:55:36.351979+00:00,KWIN.CA,General / Verified EGX Expansion,9.21,5,MISSING,DEFENSIVE_NO_NEW_BUY,False,flow_or_market_gate=MISSING/DEFENSIVE_NO_NEW_BUY;liquidity_below_min,WEAK_OR_RISKY,26.15,THIN,IMPROVING,liquidity below minimum; liquidity is cooling; below MA20,70.98,949052.5,Mubasher delayed stock page,0.22,48.21,69.0,80.0,2.87,12.71,ALIGNED
2026-06-11T09:55:36.351979+00:00,RREI.CA,General / Verified EGX Expansion,9.16,5,MISSING,DEFENSIVE_NO_NEW_BUY,False,flow_or_market_gate=MISSING/DEFENSIVE_NO_NEW_BUY;below_MA50,WEAK_OR_RISKY,33.15,TRADEABLE,IMPROVING,liquidity is cooling; below MA20; below MA50,3.38,3901316.75,Mubasher delayed stock page,0.17,51.43,3.32,3.85,1.81,13.91,ALIGNED
2026-06-11T09:55:36.351979+00:00,SCEM.CA,Building Materials,9.07,18,MISSING,DEFENSIVE_NO_NEW_BUY,False,flow_or_market_gate=MISSING/DEFENSIVE_NO_NEW_BUY;below_MA50,WEAK_OR_RISKY,5.17,TRADEABLE,IMPROVING,liquidity is cooling; below MA20; below MA50; weak RSI,60.76,11689609.0,Mubasher delayed stock page,0.3,32.48,61.05,72.2,-0.48,18.83,ALIGNED
2026-06-11T09:55:36.351979+00:00,ABUK.CA,Basic Resources & Chemicals,9.0,19,MISSING,DEFENSIVE_NO_NEW_BUY,False,flow_or_market_gate=MISSING/DEFENSIVE_NO_NEW_BUY;below_MA50,WEAK_OR_RISKY,5.0,TRADEABLE,LAGGING,liquidity is cooling; below MA20; below MA50; weak RSI,78.2,54498220.0,Mubasher delayed stock page,0.46,20.62,79.0,90.87,-1.01,16.2,ALIGNED
2026-06-11T09:55:36.351979+00:00,EGAL.CA,Basic Resources & Chemicals,9.0,19,MISSING,DEFENSIVE_NO_NEW_BUY,False,flow_or_market_gate=MISSING/DEFENSIVE_NO_NEW_BUY;below_MA50,WEAK_OR_RISKY,5.0,TRADEABLE,LAGGING,liquidity is cooling; below MA20; below MA50; weak RSI,308.24,41499200.0,Mubasher delayed stock page,0.39,34.63,308.87,344.99,-0.2,11.92,ALIGNED
2026-06-11T09:55:36.351979+00:00,MFPC.CA,Basic Resources & Chemicals,9.0,19,MISSING,DEFENSIVE_NO_NEW_BUY,False,flow_or_market_gate=MISSING/DEFENSIVE_NO_NEW_BUY;below_MA50,WEAK_OR_RISKY,5.0,TRADEABLE,LAGGING,liquidity is cooling; below MA20; below MA50; weak RSI,40.37,53559680.0,Mubasher delayed stock page,0.66,28.94,41.05,46.6,-1.66,15.43,ALIGNED
2026-06-11T09:55:36.351979+00:00,AXPH.CA,General / Verified EGX Expansion,8.98,5,MISSING,DEFENSIVE_NO_NEW_BUY,False,flow_or_market_gate=MISSING/DEFENSIVE_NO_NEW_BUY;liquidity_below_min,WEAK_OR_RISKY,20.15,THIN,IMPROVING,liquidity below minimum; liquidity is cooling; below MA20,1124.2,721719.88,Mubasher delayed stock page,0.13,43.08,1111.0,1230.0,1.19,9.41,ALIGNED
2026-06-11T09:55:36.351979+00:00,RTVC.CA,General / Verified EGX Expansion,8.94,5,MISSING,DEFENSIVE_NO_NEW_BUY,False,flow_or_market_gate=MISSING/DEFENSIVE_NO_NEW_BUY;below_MA50,NEUTRAL,39.15,TRADEABLE,IMPROVING,liquidity is cooling; below MA20; below MA50,3.85,1684405.63,Mubasher delayed stock page,0.25,54.41,3.75,4.4,2.67,14.29,ALIGNED
2026-06-11T09:55:36.351979+00:00,EDFM.CA,General / Verified EGX Expansion,8.75,5,MISSING,DEFENSIVE_NO_NEW_BUY,False,flow_or_market_gate=MISSING/DEFENSIVE_NO_NEW_BUY;liquidity_below_min,WEAK_OR_RISKY,31.15,THIN,IMPROVING,liquidity below minimum; below MA20,334.11,490807.57,Yahoo Finance,0.85,50.28,320.2,355.0,4.34,6.25,
2026-06-11T09:55:36.351979+00:00,MIPH.CA,Healthcare,8.43,10,MISSING,DEFENSIVE_NO_NEW_BUY,False,flow_or_market_gate=MISSING/DEFENSIVE_NO_NEW_BUY;liquidity_below_min,WEAK_OR_RISKY,20.12,THIN,IMPROVING,liquidity below minimum; liquidity is cooling; below MA20; sector is not leading,656.19,586622.63,Mubasher delayed stock page,0.19,55.79,640.0,729.0,2.53,11.1,ALIGNED
2026-06-11T09:55:36.351979+00:00,CIEB.CA,Banking & Financials,7.97,15,MISSING,DEFENSIVE_NO_NEW_BUY,False,flow_or_market_gate=MISSING/DEFENSIVE_NO_NEW_BUY;below_MA50,WEAK_OR_RISKY,19.85,TRADEABLE,IMPROVING,liquidity is cooling; below MA20; below MA50; sector is not leading,23.49,3632158.0,Mubasher delayed stock page,0.39,61.73,23.31,24.09,0.77,2.55,ALIGNED
2026-06-11T09:55:36.351979+00:00,SUGR.CA,"Food, Beverages & Tobacco",7.94,11,MISSING,DEFENSIVE_NO_NEW_BUY,False,flow_or_market_gate=MISSING/DEFENSIVE_NO_NEW_BUY;below_MA50,WEAK_OR_RISKY,21.73,TRADEABLE,IMPROVING,liquidity is cooling; below MA20; below MA50; sector is not leading,48.37,4246054.0,Mubasher delayed stock page,0.27,52.18,48.0,52.9,0.77,9.37,ALIGNED
2026-06-11T09:55:36.351979+00:00,ELWA.CA,General / Verified EGX Expansion,7.8,5,MISSING,DEFENSIVE_NO_NEW_BUY,False,flow_or_market_gate=MISSING/DEFENSIVE_NO_NEW_BUY;liquidity_below_min,WEAK_OR_RISKY,16.15,THIN,IMPROVING,liquidity below minimum; liquidity is cooling; overheated RSI,2.09,541734.31,Mubasher delayed stock page,0.18,88.57,1.79,2.2,16.76,5.26,ALIGNED
2026-06-11T09:55:36.351979+00:00,GMCI.CA,General / Verified EGX Expansion,7.57,5,MISSING,DEFENSIVE_NO_NEW_BUY,False,flow_or_market_gate=MISSING/DEFENSIVE_NO_NEW_BUY;liquidity_below_min;below_MA50,WEAK_OR_RISKY,9.15,THIN,IMPROVING,liquidity below minimum; below MA20; below MA50,1.73,305609.69,Yahoo Finance,0.91,51.72,1.68,1.84,2.98,6.36,
2026-06-11T09:55:36.351979+00:00,SMFR.CA,General / Verified EGX Expansion,7.53,5,MISSING,DEFENSIVE_NO_NEW_BUY,False,flow_or_market_gate=MISSING/DEFENSIVE_NO_NEW_BUY;below_MA50,WEAK_OR_RISKY,11.15,TRADEABLE,IMPROVING,liquidity is cooling; below MA20; below MA50; overheated RSI,196.7,2268949.5,Mubasher delayed stock page,0.38,37.37,201.0,224.0,-2.14,13.88,ALIGNED
2026-06-11T09:55:36.351979+00:00,IFAP.CA,Agriculture & Food Production,7.37,6,MISSING,DEFENSIVE_NO_NEW_BUY,False,flow_or_market_gate=MISSING/DEFENSIVE_NO_NEW_BUY;below_MA50,WEAK_OR_RISKY,27.98,TRADEABLE,IMPROVING,liquidity is cooling; below MA20; below MA50,19.0,3173745.25,Mubasher delayed stock page,0.31,44.84,16.5,23.5,15.15,23.68,ALIGNED
2026-06-11T09:55:36.351979+00:00,FAITA.CA,Banking & Financials,7.36,15,MISSING,DEFENSIVE_NO_NEW_BUY,False,flow_or_market_gate=MISSING/DEFENSIVE_NO_NEW_BUY;liquidity_below_min,WEAK_OR_RISKY,0.85,THIN,IMPROVING,liquidity below minimum; liquidity is cooling; below MA20; close to resistance,0.99,17938.8,Yahoo Finance,0.44,60.0,0.98,1.0,0.92,1.01,
2026-06-11T09:55:36.351979+00:00,RUBX.CA,General / Verified EGX Expansion,7.28,5,MISSING,DEFENSIVE_NO_NEW_BUY,False,flow_or_market_gate=MISSING/DEFENSIVE_NO_NEW_BUY;below_MA50,WEAK_OR_RISKY,28.15,TRADEABLE,IMPROVING,liquidity is cooling; below MA20; below MA50,9.92,3018658.5,Mubasher delayed stock page,0.21,42.75,9.8,11.55,1.22,16.43,ALIGNED
2026-06-11T09:55:36.351979+00:00,TRTO.CA,General / Verified EGX Expansion,7.24,5,MISSING,DEFENSIVE_NO_NEW_BUY,False,flow_or_market_gate=MISSING/DEFENSIVE_NO_NEW_BUY;liquidity_below_min;below_MA50,WEAK_OR_RISKY,28.15,THIN,IMPROVING,liquidity below minimum; below MA20,0.03,680.0,Yahoo Finance,1.49,50.0,0.03,0.04,3.03,2.94,
2026-06-11T09:55:36.351979+00:00,NHPS.CA,General / Verified EGX Expansion,6.9,5,MISSING,DEFENSIVE_NO_NEW_BUY,False,flow_or_market_gate=MISSING/DEFENSIVE_NO_NEW_BUY;below_MA50,WEAK_OR_RISKY,28.15,TRADEABLE,IMPROVING,liquidity is cooling; below MA20; below MA50,67.19,2636178.25,Mubasher delayed stock page,0.31,40.75,67.0,73.0,0.28,8.65,ALIGNED
2026-06-11T09:55:36.351979+00:00,EPCO.CA,General / Verified EGX Expansion,6.82,5,MISSING,DEFENSIVE_NO_NEW_BUY,False,flow_or_market_gate=MISSING/DEFENSIVE_NO_NEW_BUY;below_MA50,CONSTRUCTIVE,61.15,TRADEABLE,IMPROVING,liquidity is cooling; below MA20,9.01,1561793.0,Mubasher delayed stock page,0.13,60.0,8.56,9.9,5.26,9.88,ALIGNED
2026-06-11T09:55:36.351979+00:00,CPCI.CA,General / Verified EGX Expansion,6.74,5,MISSING,DEFENSIVE_NO_NEW_BUY,False,flow_or_market_gate=MISSING/DEFENSIVE_NO_NEW_BUY,CONSTRUCTIVE,51.15,TRADEABLE,IMPROVING,liquidity is cooling; overheated RSI,355.18,1481740.75,Mubasher delayed stock page,0.34,79.86,340.01,368.0,4.46,3.61,ALIGNED
2026-06-11T09:55:36.351979+00:00,LCSW.CA,Building Materials,6.63,18,MISSING,DEFENSIVE_NO_NEW_BUY,False,flow_or_market_gate=MISSING/DEFENSIVE_NO_NEW_BUY;below_MA50,WEAK_OR_RISKY,25.17,TRADEABLE,IMPROVING,liquidity is cooling; below MA20; below MA50; sector is not leading,26.17,2563932.0,Mubasher delayed stock page,0.16,51.65,26.16,29.29,0.04,11.92,ALIGNED
2026-06-11T09:55:36.351979+00:00,DEIN.CA,General / Verified EGX Expansion,6.26,5,MISSING,DEFENSIVE_NO_NEW_BUY,False,flow_or_market_gate=MISSING/DEFENSIVE_NO_NEW_BUY;liquidity_below_min;below_MA50,WEAK_OR_RISKY,23.15,MISSING,IMPROVING,liquidity below minimum; liquidity is cooling; below MA20,11.38,0.0,Yahoo Finance,0.0,50.0,11.38,13.65,0.0,19.95,
2026-06-11T09:55:36.351979+00:00,FERC.CA,Basic Resources & Chemicals,5.93,19,MISSING,DEFENSIVE_NO_NEW_BUY,False,flow_or_market_gate=MISSING/DEFENSIVE_NO_NEW_BUY;below_MA50,WEAK_OR_RISKY,25.0,TRADEABLE,LAGGING,liquidity is cooling; below MA20; below MA50; sector is not leading,76.59,1937041.0,Mubasher delayed stock page,0.34,40.99,76.5,82.49,0.12,7.7,ALIGNED
2026-06-11T09:55:36.351979+00:00,EPPK.CA,General / Verified EGX Expansion,5.63,5,MISSING,DEFENSIVE_NO_NEW_BUY,False,flow_or_market_gate=MISSING/DEFENSIVE_NO_NEW_BUY;liquidity_below_min;below_MA50,WEAK_OR_RISKY,4.15,THIN,IMPROVING,liquidity below minimum; liquidity is cooling; below MA20; below MA50,12.17,366913.33,Yahoo Finance,0.35,45.77,11.67,13.6,4.28,11.75,
2026-06-11T09:55:36.351979+00:00,PHTV.CA,General / Verified EGX Expansion,5.35,5,MISSING,DEFENSIVE_NO_NEW_BUY,False,flow_or_market_gate=MISSING/DEFENSIVE_NO_NEW_BUY,NEUTRAL,35.15,TRADEABLE,IMPROVING,liquidity is cooling; below MA20; weak RSI,202.09,2089578.13,Mubasher delayed stock page,0.15,23.43,203.25,233.0,-0.57,15.3,ALIGNED
2026-06-11T09:55:36.351979+00:00,CNFN.CA,Non-bank Financial Services,5.27,20,MISSING,DEFENSIVE_NO_NEW_BUY,False,flow_or_market_gate=MISSING/DEFENSIVE_NO_NEW_BUY;below_MA50,WEAK_OR_RISKY,0.0,TRADEABLE,LAGGING,liquidity is cooling; below MA20; below MA50; overheated RSI,4.4,3300939.25,Mubasher delayed stock page,0.2,36.51,4.41,4.95,-0.23,12.5,ALIGNED
2026-06-11T09:55:36.351979+00:00,MOSC.CA,General / Verified EGX Expansion,5.22,5,MISSING,DEFENSIVE_NO_NEW_BUY,False,flow_or_market_gate=MISSING/DEFENSIVE_NO_NEW_BUY,NEUTRAL,35.15,TRADEABLE,IMPROVING,liquidity is cooling; below MA20; weak RSI,250.15,1957011.0,Mubasher delayed stock page,0.18,21.91,252.0,320.0,-0.73,27.92,ALIGNED
2026-06-11T09:55:36.351979+00:00,CIRA.CA,Education,5.07,8,MISSING,DEFENSIVE_NO_NEW_BUY,False,flow_or_market_gate=MISSING/DEFENSIVE_NO_NEW_BUY,WEAK_OR_RISKY,29.61,TRADEABLE,IMPROVING,liquidity is cooling; below MA20; weak RSI; sector is not leading,25.9,2023263.0,Mubasher delayed stock page,0.07,31.87,25.62,28.4,1.09,9.65,ALIGNED
2026-06-11T09:55:36.351979+00:00,GIHD.CA,General / Verified EGX Expansion,5.07,5,MISSING,DEFENSIVE_NO_NEW_BUY,False,flow_or_market_gate=MISSING/DEFENSIVE_NO_NEW_BUY;liquidity_below_min;below_MA50,WEAK_OR_RISKY,0.0,THIN,IMPROVING,liquidity below minimum; liquidity is cooling; below MA20; below MA50,39.34,808796.81,Mubasher delayed stock page,0.17,44.34,35.15,44.5,11.92,13.12,ALIGNED
2026-06-11T09:55:36.351979+00:00,SCFM.CA,General / Verified EGX Expansion,4.82,5,MISSING,DEFENSIVE_NO_NEW_BUY,False,flow_or_market_gate=MISSING/DEFENSIVE_NO_NEW_BUY,NEUTRAL,35.15,TRADEABLE,IMPROVING,liquidity is cooling; below MA20; weak RSI,254.69,1560665.0,Mubasher delayed stock page,0.09,24.26,255.03,315.0,-0.13,23.68,ALIGNED
2026-06-11T09:55:36.351979+00:00,NAHO.CA,General / Verified EGX Expansion,4.72,5,MISSING,DEFENSIVE_NO_NEW_BUY,False,flow_or_market_gate=MISSING/DEFENSIVE_NO_NEW_BUY;liquidity_below_min;below_MA50,WEAK_OR_RISKY,14.15,THIN,IMPROVING,liquidity below minimum; below MA20,0.1,40433.27,Yahoo Finance,1.21,40.0,0.1,0.11,0.98,3.88,
2026-06-11T09:55:36.351979+00:00,FAIT.CA,Banking & Financials,4.71,15,MISSING,DEFENSIVE_NO_NEW_BUY,False,flow_or_market_gate=MISSING/DEFENSIVE_NO_NEW_BUY,WEAK_OR_RISKY,33.85,TRADEABLE,IMPROVING,liquidity is cooling; below MA20; weak RSI; sector is not leading,35.63,2374051.25,Mubasher delayed stock page,0.39,33.41,34.73,38.48,2.59,8.0,ALIGNED
2026-06-11T09:55:36.351979+00:00,ATLC.CA,Non-bank Financial Services,4.64,20,MISSING,DEFENSIVE_NO_NEW_BUY,False,flow_or_market_gate=MISSING/DEFENSIVE_NO_NEW_BUY;below_MA50,NEUTRAL,47.0,TRADEABLE,LAGGING,liquidity is cooling; below MA20; sector is not leading,4.8,1668752.5,Mubasher delayed stock page,0.27,59.32,4.71,5.41,1.91,12.71,ALIGNED
2026-06-11T09:55:36.351979+00:00,SCTS.CA,Education,4.61,8,MISSING,DEFENSIVE_NO_NEW_BUY,False,flow_or_market_gate=MISSING/DEFENSIVE_NO_NEW_BUY,NEUTRAL,35.61,TRADEABLE,IMPROVING,liquidity is cooling; below MA20; weak RSI; sector is not leading,606.73,1562365.25,Mubasher delayed stock page,0.14,26.34,590.01,690.0,2.83,13.72,ALIGNED
2026-06-11T09:55:36.351979+00:00,ORAS.CA,Industrial Goods & Construction,4.6,13,MISSING,DEFENSIVE_NO_NEW_BUY,False,flow_or_market_gate=MISSING/DEFENSIVE_NO_NEW_BUY;price_not_fresh;below_MA50,WEAK_OR_RISKY,0.0,TRADEABLE,IMPROVING,current price/Yahoo history mismatch; technicals blocked; price data is not fresh; below MA20; close to resistance,749.99,195179968.0,Mubasher delayed stock page,1.0,50.0,731.0,761.99,2.6,1.6,UNALIGNED_BLOCKED
2026-06-11T09:55:36.351979+00:00,GRCA.CA,General / Verified EGX Expansion,4.42,5,MISSING,DEFENSIVE_NO_NEW_BUY,False,flow_or_market_gate=MISSING/DEFENSIVE_NO_NEW_BUY;below_MA50,WEAK_OR_RISKY,13.15,TRADEABLE,IMPROVING,liquidity is cooling; below MA20; below MA50; weak RSI,52.7,4160933.25,Mubasher delayed stock page,0.46,26.07,52.18,60.5,1.0,14.8,ALIGNED
2026-06-11T09:55:36.351979+00:00,MOED.CA,General / Verified EGX Expansion,4.26,5,MISSING,DEFENSIVE_NO_NEW_BUY,False,flow_or_market_gate=MISSING/DEFENSIVE_NO_NEW_BUY;below_MA50,WEAK_OR_RISKY,8.15,TRADEABLE,IMPROVING,liquidity is cooling; below MA20; below MA50; weak RSI,0.67,5002657.5,Mubasher delayed stock page,0.39,33.78,0.68,0.83,-1.47,23.88,ALIGNED
2026-06-11T09:55:36.351979+00:00,CEFM.CA,General / Verified EGX Expansion,4.15,5,MISSING,DEFENSIVE_NO_NEW_BUY,False,flow_or_market_gate=MISSING/DEFENSIVE_NO_NEW_BUY;liquidity_below_min,WEAK_OR_RISKY,0.15,THIN,IMPROVING,liquidity below minimum; liquidity is cooling; below MA20; weak RSI,103.49,894505.69,Mubasher delayed stock page,0.21,29.98,103.07,119.89,0.41,15.85,ALIGNED
2026-06-11T09:55:36.351979+00:00,ZEOT.CA,General / Verified EGX Expansion,3.68,5,MISSING,DEFENSIVE_NO_NEW_BUY,False,flow_or_market_gate=MISSING/DEFENSIVE_NO_NEW_BUY;price_not_fresh;below_MA50,WEAK_OR_RISKY,0.0,TRADEABLE,IMPROVING,current price/Yahoo history mismatch; technicals blocked; price data is not fresh; below MA20; close to resistance,9.16,7836386.5,Mubasher delayed stock page,1.29,50.0,8.69,9.2,5.41,0.44,UNALIGNED_BLOCKED
2026-06-11T09:55:36.351979+00:00,DAPH.CA,General / Verified EGX Expansion,3.28,5,MISSING,DEFENSIVE_NO_NEW_BUY,False,flow_or_market_gate=MISSING/DEFENSIVE_NO_NEW_BUY;below_MA50,WEAK_OR_RISKY,8.15,TRADEABLE,IMPROVING,liquidity is cooling; below MA20; below MA50; weak RSI,77.89,4020452.5,Mubasher delayed stock page,0.13,27.7,78.6,96.0,-0.9,23.25,ALIGNED
2026-06-11T09:55:36.351979+00:00,AMES.CA,General / Verified EGX Expansion,2.8,5,MISSING,DEFENSIVE_NO_NEW_BUY,False,flow_or_market_gate=MISSING/DEFENSIVE_NO_NEW_BUY;liquidity_below_min,WEAK_OR_RISKY,0.0,THIN,IMPROVING,liquidity below minimum; liquidity is cooling; below MA20; weak RSI,48.8,537796.69,Mubasher delayed stock page,0.1,17.32,48.0,57.5,1.67,17.83,ALIGNED
2026-06-11T09:55:36.351979+00:00,CFGH.CA,General / Verified EGX Expansion,2.4,5,MISSING,DEFENSIVE_NO_NEW_BUY,False,flow_or_market_gate=MISSING/DEFENSIVE_NO_NEW_BUY;liquidity_below_min;below_MA50,WEAK_OR_RISKY,0.0,THIN,IMPROVING,liquidity below minimum; below MA20; below MA50; weak RSI,0.1,16699.85,Mubasher delayed stock page,2.56,0.0,0.1,0.11,0.0,10.0,ALIGNED
2026-06-11T09:55:36.351979+00:00,EGBE.CA,Banking & Financials,2.37,15,MISSING,DEFENSIVE_NO_NEW_BUY,False,flow_or_market_gate=MISSING/DEFENSIVE_NO_NEW_BUY;liquidity_below_min,WEAK_OR_RISKY,0.0,THIN,IMPROVING,liquidity below minimum; liquidity is cooling; below MA20; weak RSI,0.44,29112.63,Mubasher delayed stock page,0.21,28.48,0.44,0.47,0.0,6.82,ALIGNED
2026-06-11T09:55:36.351979+00:00,GSSC.CA,General / Verified EGX Expansion,2.15,5,MISSING,DEFENSIVE_NO_NEW_BUY,False,flow_or_market_gate=MISSING/DEFENSIVE_NO_NEW_BUY;below_MA50,WEAK_OR_RISKY,19.15,TRADEABLE,IMPROVING,liquidity is cooling; below MA20; below MA50; weak RSI,247.82,1886621.0,Mubasher delayed stock page,0.28,10.31,228.1,272.5,8.65,9.96,ALIGNED
2026-06-11T09:55:36.351979+00:00,GTWL.CA,General / Verified EGX Expansion,2.07,5,MISSING,DEFENSIVE_NO_NEW_BUY,False,flow_or_market_gate=MISSING/DEFENSIVE_NO_NEW_BUY;below_MA50,WEAK_OR_RISKY,19.15,TRADEABLE,IMPROVING,liquidity is cooling; below MA20; below MA50; weak RSI,47.0,1809089.75,Mubasher delayed stock page,0.25,32.04,45.47,59.79,3.36,27.21,ALIGNED
2026-06-11T09:55:36.351979+00:00,APSW.CA,General / Verified EGX Expansion,1.75,5,MISSING,DEFENSIVE_NO_NEW_BUY,False,flow_or_market_gate=MISSING/DEFENSIVE_NO_NEW_BUY;below_MA50,NEUTRAL,47.15,TRADEABLE,IMPROVING,below MA20; weak RSI,8.63,1328726.6,Yahoo Finance,1.58,29.21,8.6,9.38,0.35,8.69,
2026-06-11T09:55:36.351979+00:00,NINH.CA,General / Verified EGX Expansion,1.15,5,MISSING,DEFENSIVE_NO_NEW_BUY,False,flow_or_market_gate=MISSING/DEFENSIVE_NO_NEW_BUY;liquidity_below_min;below_MA50,WEAK_OR_RISKY,0.0,THIN,IMPROVING,liquidity below minimum; liquidity is cooling; below MA20; below MA50,16.87,892424.31,Mubasher delayed stock page,0.1,31.1,17.0,20.02,-0.76,18.67,ALIGNED
2026-06-11T09:55:36.351979+00:00,DOMT.CA,"Food, Beverages & Tobacco",0.82,11,MISSING,DEFENSIVE_NO_NEW_BUY,False,flow_or_market_gate=MISSING/DEFENSIVE_NO_NEW_BUY;below_MA50,WEAK_OR_RISKY,6.73,TRADEABLE,IMPROVING,liquidity is cooling; below MA20; below MA50; weak RSI,23.96,1128890.0,Mubasher delayed stock page,0.44,25.68,24.03,26.49,-0.29,10.56,ALIGNED
2026-06-11T09:55:36.351979+00:00,DTPP.CA,General / Verified EGX Expansion,0.58,5,MISSING,DEFENSIVE_NO_NEW_BUY,False,flow_or_market_gate=MISSING/DEFENSIVE_NO_NEW_BUY;liquidity_below_min;below_MA50,WEAK_OR_RISKY,0.0,THIN,IMPROVING,liquidity below minimum; liquidity is cooling; below MA20; below MA50,118.06,318239.31,Mubasher delayed stock page,0.09,21.74,118.03,137.99,0.03,16.88,ALIGNED
2026-06-11T09:55:36.351979+00:00,SPIN.CA,Textiles,0.48,9,MISSING,DEFENSIVE_NO_NEW_BUY,False,flow_or_market_gate=MISSING/DEFENSIVE_NO_NEW_BUY;liquidity_below_min;below_MA50,WEAK_OR_RISKY,0.0,THIN,IMPROVING,liquidity below minimum; liquidity is cooling; below MA20; below MA50,13.81,611998.81,Mubasher delayed stock page,0.12,25.23,13.61,15.2,1.47,10.07,ALIGNED
2026-06-11T09:55:36.351979+00:00,EFIC.CA,Basic Resources & Chemicals,0.12,19,MISSING,DEFENSIVE_NO_NEW_BUY,False,flow_or_market_gate=MISSING/DEFENSIVE_NO_NEW_BUY;below_MA50,WEAK_OR_RISKY,0.0,TRADEABLE,LAGGING,liquidity is cooling; below MA20; below MA50; weak RSI,199.4,2120493.0,Mubasher delayed stock page,0.61,9.24,203.01,219.1,-1.78,9.88,ALIGNED
2026-06-11T09:55:36.351979+00:00,UEFM.CA,General / Verified EGX Expansion,-0.21,5,MISSING,DEFENSIVE_NO_NEW_BUY,False,flow_or_market_gate=MISSING/DEFENSIVE_NO_NEW_BUY;liquidity_below_min;below_MA50,WEAK_OR_RISKY,0.0,THIN,IMPROVING,liquidity below minimum; liquidity is cooling; below MA20; below MA50,470.21,533659.63,Mubasher delayed stock page,0.48,30.06,455.6,500.0,3.21,6.34,ALIGNED
2026-06-11T09:55:36.351979+00:00,CICH.CA,Non-bank Financial Services,-1.09,20,MISSING,DEFENSIVE_NO_NEW_BUY,False,flow_or_market_gate=MISSING/DEFENSIVE_NO_NEW_BUY;liquidity_below_min;below_MA50,WEAK_OR_RISKY,0.0,THIN,LAGGING,liquidity below minimum; liquidity is cooling; below MA20; below MA50,11.27,942778.13,Mubasher delayed stock page,0.2,23.6,11.5,13.47,-2.0,19.52,ALIGNED
